station_id,name,lon,lat,elev_m,tzname,state
EET,Alabaster,-86.78178233,33.17837717,172.0,America/Chicago,AL
BFZ,Albertville,-86.2481262,34.23160226,317.0,America/Chicago,AL
ALX,Alexander City,-85.96126484,32.9142739,193.0,America/Chicago,AL
79J,Andalusia,-86.3901737,31.3061398,98.0,America/Chicago,AL
ANB,Anniston,-85.84788542,33.59043824,182.0,America/Chicago,AL
AUO,AUBURN-OPELIKA APT,-85.434,32.61511,236.0,America/Chicago,AL
AUB,AUBURN UNIV. (AM,-85.5,32.6,198.0,America/Chicago,AL
1R8,Bay Minette,-87.8193,30.8703,72.02543,America/Chicago,AL
EKY,Bessemer,-86.9263,33.3126,213.72552,America/Chicago,AL
BHM,BIRMINGHAM MUNI,-86.74488,33.56546,192.0,America/Chicago,AL
OZR,CAIRNS AAF/OZARK,-85.71335,31.27577,91.0,America/Chicago,AL
9A4,Courtland,-87.3488333,34.6593889,179.0,America/Chicago,AL
CMD,Cullman,-86.858,34.2687,289.02383,America/Chicago,AL
3A1,CULLMAN/FOLSOM_FIELD_ARPT,-86.86,34.27,294.0,America/Chicago,AL
DCU,DECATUR/PRYOR FIELD,-86.94528,34.6525,177.0,America/Chicago,AL
DYA,Demopolis,-87.9541,32.4638,32.245163,America/Chicago,AL
DHN,DOTHAN MUNICIPAL,-85.45,31.32,122.0,America/Chicago,AL
EDN,Enterprise,-85.9048,31.2982,104.84666,America/Chicago,AL
EUF,Eufaula,-85.1289,31.9513,87.0,America/Chicago,AL
GZH,EVERGREEN,-87.04408,31.41581,79.0,America/Chicago,AL
CQF,Fairhope,-87.8770278,30.4605,27.0,America/Chicago,AL
4R4,Fairhope,-87.87702,30.4605,27.7,America/Chicago,AL
0J4,Florala,-86.31193283,31.04474047,91.0,America/Chicago,AL
NBJ,Foley,-87.6353,30.3891,15.187012,America/Chicago,AL
4A9,FORT_PAYNE,-85.72139,34.47369,267.0,America/Chicago,AL
HEY,Fort Rucker,-85.6543333,31.346,97.0,America/Chicago,AL
GAD,GADSDEN MUNI (AWOS),-86.08908,33.97265,173.0,America/Chicago,AL
PRN,Greenville,-86.61075,31.8456944,137.5,America/Chicago,AL
JKA,Gulf Shores,-87.6717781,30.29046,4.9,America/Chicago,AL
8A1,Guntersville,-86.2682,34.3996,186.0,America/Chicago,AL
1M4,Haleyville,-87.6004414,34.2803481,284.0,America/Chicago,AL
HDL,Headland,-85.3125278,31.3641389,108.0,America/Chicago,AL
HSV,HUNTSVILLE/MADISON,-86.78611,34.64389,196.0,America/Chicago,AL
MDQ,HUNTSVILLE/MADISON COUNTY EXEC,-86.56,34.86,230.0,America/Chicago,AL
LOR,LOWE AHP/FT. RUCKER,-85.75111,31.35583,74.0,America/Chicago,AL
JFX,Manchester,-87.3142,33.902,147.0,America/Chicago,AL
A08,Marion,-87.3848,32.5105,62.9503,America/Chicago,AL
MXF,MAXWELL AFB/MONTGOM,-86.36578,32.38294,51.0,America/Chicago,AL
MOB,MOBILE/BATES FIELD,-88.24556,30.68833,67.0,America/Chicago,AL
BFM,MOBILE DOWNTOWN,-88.06808,30.62678,8.0,America/Chicago,AL
MGM,MONTGOMERY/DANNELLY,-86.39397,32.30064,62.0,America/Chicago,AL
MSL,MUSCLE SHOALS RGNL,-87.59962,34.74385,168.0,America/Chicago,AL
PLR,Pell City,-86.2491,33.5588,144.6858,America/Chicago,AL
RAM,PHI OIL PLAT,-88.08333,29.05,10.0,America/Chicago,AL
1A9,Prattville,-86.5127,32.4387,63.56335,America/Chicago,AL
HUA,REDSTONE ARSENAL,-86.68478,34.67865,209.0,America/Chicago,AL
4A6,Scottsburo,-86.0059,34.6887,198.0,America/Chicago,AL
SEM,Selma,-86.9878,32.3439,44.254955,America/Chicago,AL
SXS,Shell AHP,-85.85493608,31.3611609,122.25867,America/Chicago,AL
SCD,Sylacauga,-86.3055,33.1718,170.50438,America/Chicago,AL
ASN,Talladega,-86.0512,33.5695,155.31592,America/Chicago,AL
TOI,TROY MUNICIPAL,-86.01214,31.86042,121.0,America/Chicago,AL
TCL,TUSCALOOSA MUNI,-87.6161,33.2119,52.0,America/Chicago,AL
ADF,Arkadelphia,-93.0660833,34.0998056,57.59382,America/Chicago,AR
BVX,BATESVILLE (AWOS),-91.64722,35.72611,141.0,America/Chicago,AR
SUZ,Benton,-92.4794,34.5904,115.0,America/Chicago,AR
VBT,BENTONVILLE (AWOS),-94.21935,36.34572,395.0,America/Chicago,AR
HKA,Blytheville,-89.83318737,35.93781099,77.0,America/Chicago,AR
CDH,Camden,-92.7633953,33.6227992,39.6,America/Chicago,AR
4M3,Carlisle,-91.7121111,34.8082222,73.0,America/Chicago,AR
CCA,Clinton,-92.4516167,35.5977694,156.7,America/Chicago,AR
DRP,Colt - Delta Regional,-90.8265014,35.1200522,70.0,America/Chicago,AR
CXW,Conway,-92.5551,35.0199,81.75472,America/Chicago,AR
4M9,Corning,-90.6479264,36.4042314,89.3,America/Chicago,AR
BYH,EAKER AFB,-89.94394,35.96433,78.0,America/Chicago,AR
ELD,EL DORADO/GOODWIN,-92.81328,33.22097,77.0,America/Chicago,AR
FYV,FAYETTEVILLE/DRAKE,-94.17006,36.00509,381.0,America/Chicago,AR
FLP,FLIPPIN (AWOS),-92.59025,36.29089,350.0,America/Chicago,AR
FSM,FORT SMITH MUNI,-94.36744,35.33658,141.0,America/Chicago,AR
HRO,HARRISON/BOONE CO.,-93.15473,36.26152,416.0,America/Chicago,AR
HOT,HOT SPRINGS,-93.09622,34.47803,165.0,America/Chicago,AR
DEQ,J LYNN HELMS/DE QUEEN,-94.39936,34.047,108.0,America/Chicago,AR
JBR,Jonesboro,-90.6442296,35.8356729,79.0,America/Chicago,AR
LIT,LITTLE ROCK/ADAMS,-92.23573,34.7273,79.0,America/Chicago,AR
LRF,LITTLE ROCK AFB,-92.14654,34.91677,95.0,America/Chicago,AR
AGO,Magnolia,-93.217,33.228,95.0,America/Chicago,AR
42A,Melbourne,-91.8287,36.0713,226.0,America/Chicago,AR
MEZ,MENA INTERMOUNTAIN MUNI,-94.20264,34.54539,329.0,America/Chicago,AR
LLQ,MONTICELLO,-91.75,33.64,82.0,America/Chicago,AR
BPK,MOUNTAIN HOME/BAXTER COUNTY,-92.47,36.37,283.0,America/Chicago,AR
MWT,MOUNT IDA,-93.57806,34.54667,241.0,America/Chicago,AR
M19,Newport,-91.1763756,35.6377178,72.8,America/Chicago,AR
ORK,North Little Rock,-92.2541,34.8331,162.32234,America/Chicago,AR
LZK,NORTH LITTLE ROCK,-92.25944,34.835,165.0,America/Chicago,AR
XNA,NORTHWEST ARKANSAS REGIONAL APT,-94.307,36.282,392.0,America/Chicago,AR
PBF,PINE BLUFF/GRIDER,-91.93472,34.175,63.0,America/Chicago,AR
ROG,ROGERS (AWOS),-94.10697,36.37242,415.0,America/Chicago,AR
RUE,RUSSELLVILLE MUNICIPAL AIRPORT,-93.09472,35.25778,123.0,America/Chicago,AR
SRC,SEARCY MUNI AIRPORT (M07),-91.74,35.21,80.0,America/Chicago,AR
SLG,SILOAM SPRING(AWOS),-94.49,36.19186,300.0,America/Chicago,AR
ASG,SPRINGDALE MUNI,-94.11926,36.17641,412.0,America/Chicago,AR
SGT,STUTTGART (AWOS),-91.575,34.59948,68.0,America/Chicago,AR
TXK,TEXARKANA RGNL/WEBB,-93.99103,33.45372,119.0,America/Chicago,AR
ARG,WALNUT RIDGE (AWOS),-90.92511,36.12467,83.0,America/Chicago,AR
AWM,WEST MEMPHIS MUNI,-90.23445,35.13506,65.0,America/Chicago,AR
BXK,Buckeye,-112.6861808,33.4204167,311.2,America/Phoenix,AZ
IFP,BULL HEAD CITY,-114.55953,35.15739,167.0,America/Phoenix,AZ
CGZ,CASA GRANDA (AWOS),-111.76683,32.95489,446.0,America/Phoenix,AZ
CHD,CHANDLER MUNICIPAL AIRPORT,-111.81,33.27,379.0,America/Phoenix,AZ
AZC,Colorado City,-113.0139,36.9599,1480.5558,America/Phoenix,AZ
P08,Coolidge,-111.42647,32.936023,473.33243,America/Phoenix,AZ
P52,Cottonwood,-112.0351,34.7301,1079.0,America/Phoenix,AZ
DMA,DAVIS-MONTHAN AFB,-110.883,32.166,824.0,America/Phoenix,AZ
DVT,DEER VALLEY/PHOENIX,-112.08256,33.68831,450.0,America/Phoenix,AZ
DUG,DOUGLAS BISBEE INTL,-109.60367,31.46903,1265.0,America/Phoenix,AZ
FLG,Flagstaff - Pulliam,-111.67222,35.14028,2137.0,America/Phoenix,AZ
FHU,FORT HUACHUCA/LIBBY,-110.34417,31.58833,1438.0,America/Phoenix,AZ
GBN,GILA BEND (AAF),-112.72,32.8875,262.0,America/Phoenix,AZ
GXF,Gila Bend Af Aux,-112.7199,32.8875,259.44272,America/Phoenix,AZ
GEU,GLENDALE,-112.29514,33.52692,325.0,America/Phoenix,AZ
GYR,GOODYEAR MUNICIPAL,-112.37358,33.42235,295.0,America/Phoenix,AZ
GCN,GRAND CANYON PARK,-112.15472,35.94611,2014.0,America/Phoenix,AZ
40G,GRAND CANYON/VALLE,-112.15,35.65,1830.0,America/Phoenix,AZ
IGM,Kingman,-113.933,35.2577,1033.0,America/Phoenix,AZ
LGF,Laguna AAF,-114.3967,32.86,108.02568,America/Phoenix,AZ
HII,Lake Havasu City,-114.3583,34.5711,226.63142,America/Los_Angeles,AZ
LUF,LUKE AFB/PHOENIX,-112.383,33.535,332.0,America/Phoenix,AZ
A39,Maricopa - Ak-chin,-111.9185,32.9908,391.13742,America/Phoenix,AZ
FFZ,MESA/FALCON FIELD,-111.72833,33.46083,424.0,America/Phoenix,AZ
OLS,NOGALES INTL AIRPORT,-110.84583,31.42083,1206.0,America/Phoenix,AZ
PGA,Page,-111.44836,36.92608,1304.0,America/Denver,AZ
PAN,Payson,-111.3392558,34.2568364,1571.9,America/Phoenix,AZ
PHX,PHOENIX/SKY HARBOR,-112.01158,33.43428,337.0,America/Phoenix,AZ
MZJ,Pinal Airpark,-111.3279,32.51,570.9533,America/Phoenix,AZ
ALK,Pioneer Airfield,-110.4281,31.6072,1453.0,America/Phoenix,AZ
PRC,PRESCOTT/LOVE FLD,-112.42,34.65,1537.0,America/Phoenix,AZ
SAD,SAFFORD MUNICIPAL,-109.63528,32.85472,968.0,America/Phoenix,AZ
E77,San Manuel,-110.6467,32.6341,999.0,America/Phoenix,AZ
SDL,SCOTTSDALE MUNI,-111.91053,33.62289,460.0,America/Phoenix,AZ
SEZ,Sedona,-111.7884444,34.8485833,1472.0,America/Phoenix,AZ
SOW,SHOW LOW MUNICIPAL,-110.00567,34.26547,1954.0,America/Phoenix,AZ
JTC,Springerville,-109.3109,34.1294,2148.3633,America/Phoenix,AZ
SJN,ST. JOHNS AIR PARK,-109.38,34.52,1747.0,America/Phoenix,AZ
TYL,Taylor,-110.1118,34.4577,1746.0222,America/Phoenix,AZ
TUS,TUCSON INTL AIRPORT,-110.93798,32.12027,779.0,America/Phoenix,AZ
AVQ,Tucson - Marana,-111.2184,32.4096,615.81744,America/Phoenix,AZ
RYN,TUCSON/RYAN FLD,-111.17458,32.14222,737.0,America/Phoenix,AZ
NOZ,Wellton,-114.46729,32.5095,94.97484,America/Phoenix,AZ
P33,Wilcox,-109.8946389,32.245416,1276.0,America/Phoenix,AZ
CMR,Williams,-112.1946944,35.3054167,2036.0,America/Phoenix,AZ
IWA,WILLIAMS AFB/CHANDL,-111.65547,33.30783,422.0,America/Phoenix,AZ
RQE,WINDOW ROCK (WAS P34),-109.06139,35.6575,2054.0,America/Denver,AZ
INW,WINSLOW (AUT),-110.72253,35.02192,1488.0,America/Phoenix,AZ
YUM,YUMA INTL AIRPORT,-114.60598,32.65658,63.0,America/Phoenix,AZ
NYL,YUMA MCAS,-114.60597,32.65658,65.0,America/Phoenix,AZ
AAT,ALTURAS (WAS O00),-120.56444,41.49139,1333.0,America/Los_Angeles,CA
ACV,ARCATA/EUREKA ARPT,-124.10861,40.97811,66.0,America/Los_Angeles,CA
AUN,AURBURN MUNICIPAL AIRPORT,-121.08172,38.95481,467.0,America/Los_Angeles,CA
AVX,AVALON/CATALINA,-118.41583,33.405,488.0,America/Los_Angeles,CA
BFL,BAKERSFIELD/MEADOWS,-119.0542,35.4344,150.0,America/Los_Angeles,CA
DAG,BARSTOW-DAGGETT,-116.78583,34.85361,587.0,America/Los_Angeles,CA
BAB,BEALE AFB/MARYSVILE,-121.43657,39.13609,34.0,America/Los_Angeles,CA
BUO,BEAUMONT,-116.96667,33.93333,692.0,America/Los_Angeles,CA
BYS,BICYCLE LAKE,-116.63003,35.28053,716.0,America/Los_Angeles,CA
L35,Big Bear City,-116.8560278,34.2637778,2058.0,America/Los_Angeles,CA
BIH,BISHOP AIRPORT,-118.36361,37.37311,1263.0,America/Los_Angeles,CA
BLU,Blue Canyon - Nyack,-120.70975,39.27497,1611.0,America/Los_Angeles,CA
BLH,BLYTHE AIRPORT,-114.71689,33.61917,121.0,America/Los_Angeles,CA
L08,Borrego Springs,-116.321,33.259,160.0246,America/Los_Angeles,CA
BUR,BURBANK/GLENDALE,-118.35867,34.20067,236.0,America/Los_Angeles,CA
C83,Byron,-121.6244,37.8276,15.745778,America/Los_Angeles,CA
CCB,Cable,-117.6874,34.1116,433.58063,America/Los_Angeles,CA
CMA,CAMARILLO (AWOS),-119.09436,34.21375,23.0,America/Los_Angeles,CA
O61,Cameron Park,-120.987,38.684,382.0,America/Los_Angeles,CA
CZZ,CAMPO (AWRS),-116.46833,32.62611,802.0,America/Los_Angeles,CA
NXF,Camp Pendleton,-117.4564783,33.2856439,27.0,America/Los_Angeles,CA
NFG,CAMP PENDLETON MCAS,-117.35515,33.30111,24.0,America/Los_Angeles,CA
CRQ,CARLSBAD/PALOMAR,-117.28,33.13,100.0,America/Los_Angeles,CA
O05,Chester,-121.24267553,40.28648847,1382.0,America/Los_Angeles,CA
CIC,CHICO MUNICIPAL,-121.85842,39.79539,73.0,America/Los_Angeles,CA
NID,CHINA LAKE (NAF),-117.692,35.6855,696.0,America/Los_Angeles,CA
CNO,CHINO AIRPORT,-117.63611,33.97528,198.0,America/Los_Angeles,CA
O22,Columbia,-120.4146,38.0304,646.0,America/Los_Angeles,CA
CCR,Concord/Buchanan,-122.05263065,37.99160631,4.874773,America/Los_Angeles,CA
AJO,Corona,-117.6024398,33.8976541,162.5,America/Los_Angeles,CA
CEC,Crescent City,-124.238,41.7837,19.57429,America/Los_Angeles,CA
DLO,Delano,-119.2365,35.7456,95.71135,America/Los_Angeles,CA
EDW,EDWARDS AFB,-117.88374,34.90542,702.0,America/Los_Angeles,CA
9L2,EDWARDS N-AUX,-117.86312,34.99081,701.0,America/Los_Angeles,CA
NJK,EL CENTRO NAF,-115.67167,32.82917,-17.0,America/Los_Angeles,CA
EMT,EL MONTE,-118.035,34.086,90.0,America/Los_Angeles,CA
NZJ,EL TORO MCAS,-117.731,33.676,117.0,America/Los_Angeles,CA
EKA,EUREKA,-124.1603,40.8097,18.0,America/Los_Angeles,CA
L18,Fallbrook,-117.2509,33.3542,213.52832,America/Los_Angeles,CA
OAR,Fort Ord Fritzsche AAF,-121.7617,36.6815,33.46055,America/Los_Angeles,CA
FOT,Fortuna,-124.1327,40.5539,112.33614,America/Los_Angeles,CA
FAT,FRESNO AIR TERMINAL,-119.7194,36.78,100.0,America/Los_Angeles,CA
FCH,Fresno - Chandler,-119.8203,36.7321,95.9209,America/Los_Angeles,CA
FUL,FULLERTON MUNICIPAL,-117.98,33.87,29.0,America/Los_Angeles,CA
GOO,Grass Valley,-121.0031,39.224,949.5142,America/Los_Angeles,CA
HAF,Half Moon Bay,-122.49958213,37.51360071,9.366775,America/Los_Angeles,CA
HJO,Hanford,-119.62317462,36.31138955,76.36669,America/Los_Angeles,CA
HHR,HAWTHORNE MUNICIPAL,-118.33519,33.92284,19.0,America/Los_Angeles,CA
HWD,Hayward,-122.12116528,37.65882391,8.88734,America/Los_Angeles,CA
HMT,Hemet,-117.022,33.734,461.64716,America/Los_Angeles,CA
CVH,Hollister,-121.4102706,36.8933453,70.1,America/Los_Angeles,CA
IPL,IMPERIAL,-115.57874,32.83422,-15.0,America/Los_Angeles,CA
NRS,IMPERIAL BEACH/REAM,-117.11,32.56306,7.0,America/Los_Angeles,CA
IYK,INYOKERN,-117.82953,35.65874,749.0,America/Los_Angeles,CA
JAQ,Jackson,-120.7943,38.3742,511.72168,America/Los_Angeles,CA
WJF,LANCASTER/FOX FIELD,-118.21864,34.74106,715.0,America/Los_Angeles,CA
POC,LA VERNE/BRACKETT,-117.78178,34.09165,308.0,America/Los_Angeles,CA
WHP,LA / WHITEMAN,-118.41343,34.25933,306.0,America/Los_Angeles,CA
NLC,LEMOORE NAS/REEVES,-119.95208,36.33301,72.0,America/Los_Angeles,CA
LHM,Lincoln,-121.3513333,38.9091667,36.9,America/Los_Angeles,CA
LLR,Little River,-123.7537778,39.2620556,169.0,America/Los_Angeles,CA
LVK,Livermore,-121.81489621,37.6930737,117.81407,America/Los_Angeles,CA
LPC,LOMPOC (AWOS),-120.4675,34.66562,27.0,America/Los_Angeles,CA
O26,Lone Pine,-118.0493,36.5886,1124.0,America/Los_Angeles,CA
LGB,LONG BEACH AIRPORT,-118.14716,33.81179,12.0,America/Los_Angeles,CA
SLI,LOS ALAMITOS AAF,-118.052,33.79,11.0,America/Los_Angeles,CA
CQT,LOS ANGELES DOWNTOWN/USC,-118.29121,34.02354,56.0,America/Los_Angeles,CA
LAX,LOS ANGELES INTL,-118.38653,33.93816,32.0,America/Los_Angeles,CA
MAE,Madera,-120.11068665,36.98485809,76.45073,America/Los_Angeles,CA
MMH,MAMMOTH/JUNE LAKES,-118.83875,37.62406,2173.0,America/Los_Angeles,CA
RIV,MARCH AFB/RIVERSIDE,-117.25,33.9,469.0,America/Los_Angeles,CA
MYV,Marysville/Yuba County,-121.56881446,39.10202524,16.997013,America/Los_Angeles,CA
MHR,MATHER FIELD,-121.29725,38.55526,29.0,America/Los_Angeles,CA
MCE,Merced,-120.51792186,37.28603042,45.541286,America/Los_Angeles,CA
MER,MERCED/CASTLE AF,-120.56819,37.38047,57.0,America/Los_Angeles,CA
NKX,MIRAMAR NAS,-117.13661,32.86454,128.0,America/Los_Angeles,CA
MOD,MODESTO CITY/SHAM,-120.95442,37.62582,30.0,America/Los_Angeles,CA
NUQ,MOFFETT NAS/MTN VIE,-122.04902,37.40591,12.0,America/Los_Angeles,CA
MHV,MOJAVE,-118.152,35.059,849.0,America/Los_Angeles,CA
SIY,Montague/Siskiyou,-122.46820828,41.77370723,804.94635,America/Los_Angeles,CA
MRY,Monterey Peninsula,-121.84879526,36.59037195,45.859528,America/Los_Angeles,CA
MHS,Mount Shasta City,-122.317095,41.314922,1080.7744,America/Los_Angeles,CA
MWS,MOUNT WILSON,-118.06667,34.23333,1739.0,America/Los_Angeles,CA
F70,Murrieta,-117.1285,33.5742,409.44284,America/Los_Angeles,CA
APC,Napa County,-122.28040032,38.20746359,7.9653864,America/Los_Angeles,CA
EED,NEEDLES AIRPORT,-114.62328,34.76635,302.0,America/Los_Angeles,CA
3A6,NEWHALL,-118.56667,34.36667,427.0,America/Los_Angeles,CA
NZY,NORTH ISLAND NAS,-117.20981,32.69218,8.0,America/Los_Angeles,CA
DVO,Novato,-122.5561,38.1436111,1.0,America/Los_Angeles,CA
OAK,Oakland,-122.23299905,37.71779834,2.0,America/Los_Angeles,CA
L52,Oceano County,-120.6224,35.1015,5.0,America/Los_Angeles,CA
OKB,OCEANSIDE MUNICIPAL (WAS L32),-117.35,33.22,9.0,America/Los_Angeles,CA
ONT,ONTARIO INTL ARPT,-117.60119,34.056,287.0,America/Los_Angeles,CA
OVE,OROVILLE,-121.62,39.49,58.0,America/Los_Angeles,CA
OXR,OXNARD,-119.20722,34.20081,13.0,America/Los_Angeles,CA
PMD,Palmdate,-118.08455,34.62939,774.0,America/Los_Angeles,CA
GXA,Palmdate - Gray Butte,-117.670382,34.566622,923.0,America/Los_Angeles,CA
PSP,PALM SPRINGS RGNL,-116.50669,33.82967,141.0,America/Los_Angeles,CA
PAO,PALO ALTO AIRPORT,-122.11506,37.46111,2.0,America/Los_Angeles,CA
PRB,Paso Robles,-120.62912921,35.66941237,251.18954,America/Los_Angeles,CA
O69,Petaluma,-122.6053333,38.2577778,27.5,America/Los_Angeles,CA
PVF,Placerville,-120.7533333,38.7242222,788.0,America/Los_Angeles,CA
PTV,Porterville,-119.06291775,36.02731975,133.0,America/Los_Angeles,CA
NTD,PT MUGU NAWS,-119.12,34.12,2.0,America/Los_Angeles,CA
87Q,PT PIEDRAS(CG/AMOS),-121.28472,35.66556,21.0,America/Los_Angeles,CA
RNM,RAMONA AIRPORT,-116.91525,33.03917,425.0,America/Los_Angeles,CA
RBL,RED BLUFF MUNICIPAL,-122.2536,40.1519,108.0,America/Los_Angeles,CA
RDD,REDDING MUNICIPAL,-122.29339,40.509,153.0,America/Los_Angeles,CA
O32,Reedley,-119.451,36.671,118.203835,America/Los_Angeles,CA
RAL,RIVERSIDE MUNICIPAL,-117.44511,33.95189,249.0,America/Los_Angeles,CA
SAC,SACRAMENTO/EXECUTIV,-121.495,38.5069,8.0,America/Los_Angeles,CA
MCC,Sacramento McClellan,-121.4006,38.667,23.0,America/Los_Angeles,CA
SMF,SACRAMENTO METRO,-121.59078,38.69542,7.0,America/Los_Angeles,CA
SNS,Salinas,-121.60927236,36.66349133,16.144438,America/Los_Angeles,CA
CPU,San Andreas,-120.6482,38.1461,405.20996,America/Los_Angeles,CA
SBD,San Bernardino,-117.2348722,34.0953521,353.0,America/Los_Angeles,CA
SQL,SAN CARLOS AIRPORT,-122.24826,37.51192,1.0,America/Los_Angeles,CA
NUC,SAN CLEMENTE (AWOS),-118.58849,33.02275,55.0,America/Los_Angeles,CA
SDB,SANDBURG (AUT),-118.7253,34.74338,1379.0,America/Los_Angeles,CA
SDM,SAN DIEGO/BROWN FLD,-116.98,32.57,160.0,America/Los_Angeles,CA
SEE,SAN DIEGO/GILLESPIE,-116.97244,32.82622,117.0,America/Los_Angeles,CA
SAN,SAN DIEGO/LINDBERG,-117.18449,32.73392,9.0,America/Los_Angeles,CA
MYF,SAN DIEGO/MONTG,-117.13958,32.81572,124.0,America/Los_Angeles,CA
SFO,SAN FRANCISCO INTL,-122.37489,37.61897,5.0,America/Los_Angeles,CA
SJC,SAN JOSE INTL A,-121.92442,37.3594,17.0,America/Los_Angeles,CA
RHV,SAN JOSE/REID/HILLV,-121.82,37.33,41.0,America/Los_Angeles,CA
SBP,San Luis Obispo,-120.64408212,35.23809025,55.602818,America/Los_Angeles,CA
E16,San Martin,-121.5968,37.0816,86.0,America/Los_Angeles,CA
NSI,SAN NICOLAS ISLAND,-119.45817,33.23983,154.0,America/Los_Angeles,CA
SNA,SANTA ANA/JON-WAYNE,-117.86822,33.67567,16.0,America/Los_Angeles,CA
SBA,SANTA BARBARA MUNI,-119.84361,34.42611,3.0,America/Los_Angeles,CA
SMX,SANTA MARIA PUBLIC,-120.45,34.9,73.0,America/Los_Angeles,CA
SMO,SANTA MONICA MUNI,-118.44708,34.021,53.0,America/Los_Angeles,CA
STS,Santa Rosa,-122.81097563,38.50373343,31.346924,America/Los_Angeles,CA
IZA,SANTA YNEZ,-120.07556,34.60681,205.0,America/Los_Angeles,CA
O87,SHELTER COVE,-124.06667,40.01667,21.0,America/Los_Angeles,CA
TVL,SOUTH LAKE TAHOE,-119.99534,38.89388,1909.0,America/Los_Angeles,CA
SCK,STOCKTON METRO,-121.23831,37.89417,8.0,America/Los_Angeles,CA
SVE,Susanville,-120.5727,40.3757,1260.8398,America/Los_Angeles,CA
TSP,Tehachapi,-118.43922,35.135,1219.5,America/Los_Angeles,CA
TRM,THERMAL AIRPORT,-116.15967,33.62667,-37.0,America/Los_Angeles,CA
TOA,TORRANCE MUNICIPAL,-118.33961,33.80339,31.0,America/Los_Angeles,CA
TCY,Tracy,-121.441575,37.6888959,56.52399,America/Los_Angeles,CA
SUU,TRAVIS AFB/FAIRFLD,-121.9275,38.26267,19.0,America/Los_Angeles,CA
O86,Trinity Center,-122.6937,40.9828,729.63513,America/Los_Angeles,CA
TRK,TRUCKEE-TAHOE,-120.13956,39.32004,1798.0,America/Los_Angeles,CA
NXP,TWENTYNINE PALMS,-116.16217,34.29617,626.0,America/Los_Angeles,CA
UKI,Ukiah,-123.2008,39.1258,184.98428,America/Los_Angeles,CA
EDU,University,-121.7865,38.5315,21.0,America/Los_Angeles,CA
BAN,Usmc Mtn Warfare Tra,-119.52,38.36361,2067.0,America/Los_Angeles,CA
VCB,VACAVILLE (WAS O45),-121.9575,38.3775,34.0,America/Los_Angeles,CA
VBG,VANDENBERG AFB,-120.57683,34.72967,112.0,America/Los_Angeles,CA
XVW,VANDENBERG RANGE,-120.57833,34.7275,100.0,America/Los_Angeles,CA
VGN,Vandenberg Space Force North,-120.5996,34.84947,34.0,America/Los_Angeles,CA
TQS,Vandenberg Space Force South,-120.61607777,34.63601666,92.0,America/Los_Angeles,CA
VNY,VAN NUYS AIRPORT,-118.48917,34.20972,244.0,America/Los_Angeles,CA
VCV,VICTORVILLE,-117.383,34.59747,876.0,America/Los_Angeles,CA
VIS,VISALIA MUNI (AWOS),-119.39289,36.31867,89.0,America/Los_Angeles,CA
WVI,Watsonville,-121.78998,36.93936,49.7,America/Los_Angeles,CA
O54,Weaverville,-122.9223,40.7473,716.0,America/Los_Angeles,CA
DWA,Yolo County,-121.8569,38.5794,27.258173,America/Los_Angeles,CA
AFF,AIR FORCE ACADEMY,-104.81283,38.96972,2003.0,America/Denver,CO
AKO,AKRON/WASHINGTON CO,-103.22203,40.17563,1431.0,America/Denver,CO
ALS,ALAMOSA MUNI(AWOS),-105.86139,37.43889,2299.0,America/Denver,CO
ASE,ASPEN/SARDY FIELD,-106.86886,39.22317,2382.0,America/Denver,CO
0CO,Berthoud Pass,-105.763895,39.7938758,3792.0,America/Denver,CO
BDU,Boulder,-105.2258217,40.0394297,1612.0,America/Denver,CO
BJC,BROOMFIELD/JEFFCO,-105.11719,39.90881,1724.0,America/Denver,CO
BKF,BUCKLEY ANGB/DENVER,-104.75167,39.70167,1726.0,America/Denver,CO
AEJ,BUENA VISTA,-106.12069,38.81416,2422.0,America/Denver,CO
ITR,BURLINGTON,-102.28539,39.2425,1285.0,America/Denver,CO
1V6,Canon City,-105.1058,38.428,1645.1505,America/Denver,CO
CWN,Cheyenne Mountain,-104.85,38.75,2227.647,America/Denver,CO
CFO,Colorado Air and Space,-104.5376,39.7841,1674.3636,America/Denver,CO
COS,COLORADO SPRINGS,-104.70078,38.80581,1881.0,America/Denver,CO
CRV,CORONA PASS (CDOT),-105.589,40.055,3538.0,America/Denver,CO
CEZ,CORTEZ/MONTEZUMA CO,-108.62806,37.303,1803.0,America/Denver,CO
7BM,COTTONWOOD PASS,-106.21806,38.7825,2995.0,America/Denver,CO
CAG,Craig - Moffat,-107.52165,40.49522,1915.0,America/Denver,CO
C24,Creede,-106.92988,37.822166,2635.0,America/Denver,CO
C99,Dakota Hills,-105.55333333333,39.868888888889,3319.951,America/Denver,CO
RCV,Del Norte,-106.352,37.7138,2411.7869,America/Denver,CO
AJZ,Delta,-108.0636111,38.7864167,1572.5869,America/Denver,CO
APA,DENVER/CENTENNIAL,-104.85,39.57,1793.0,America/Denver,CO
DEN,DENVER INTNL ARPT,-104.6575,39.8328,1656.0,America/Denver,CO
DRO,DURANGO/LA PLATA CO,-107.75377,37.15152,2038.0,America/Denver,CO
EGE,EAGLE CO. REGIONAL,-106.91769,39.64256,1993.0,America/Denver,CO
ABH,ELLICOTT-B AFA,-104.3083,38.7578,1840.0,America/Denver,CO
EIK,Erie,-105.047975,40.010225,1563.6,America/Denver,CO
FCS,FORT CARSON/BUTTS,-104.75657,38.67839,1789.0,America/Denver,CO
FNL,FORT COLLINS (AWOS),-105.01134,40.45183,1529.0,America/Denver,CO
FMM,Fort Morgan,-103.8041,40.334,1376.0051,America/Denver,CO
FTG,Front Range,-104.5431389,39.78525,1680.1,America/Denver,CO
GNB,Granby,-105.9113,40.0904,2501.8435,America/Denver,CO
GJT,GRAND JUNCTION,-108.54,39.13417,1475.0,America/Denver,CO
GXY,GREELEY/WELD (AWOS),-104.63322,40.43742,1420.0,America/Denver,CO
GUC,GUNNISON CO. (AWOS),-106.93303,38.53394,2339.0,America/Denver,CO
HDN,HAYDEN/YAMPA (AWOS),-107.22,40.48,2012.0,America/Denver,CO
HEQ,Holyoke,-102.2727,40.5694,1137.0,America/Denver,CO
20V,KREMMLING,-106.36895,40.05368,2259.0,America/Denver,CO
LHX,LA JUNTA MUNICIPAL,-103.51222,38.04944,1292.0,America/Denver,CO
LAA,LAMAR,-102.68806,38.07,1103.0,America/Denver,CO
VTP,LA VETA PASS (CDOT),-105.16683,37.50066,3114.0,America/Denver,CO
LXV,LEADVILLE/LAKE CO.,-106.31611,39.22806,3026.0,America/Denver,CO
LIC,LIMON MUNICIPAL,-103.66586,39.27478,1635.0,America/Denver,CO
LMO,LONGMONT/VBRAND,-105.16304,40.16367,1541.0,America/Denver,CO
FLY,Meadow Lake,-104.5699,38.9457,2082.0,America/Denver,CO
EEO,MEEKER,-107.88592,40.0488,1957.0,America/Denver,CO
MYP,MONARCH PASS (CDOT),-106.31683,38.484,3667.0,America/Denver,CO
MTJ,MONTROSE CO. ARPT,-107.8975,38.505,1755.0,America/Denver,CO
MNH,MONUMENT/ELBERT (CDOT),-104.64224,39.22314,2152.0,America/Denver,CO
3MW,MT WERNER SBS,-106.75,40.45,3241.0,America/Denver,CO
AIB,Nucla,-108.56327,38.23875,1810.1539,America/Denver,CO
PSO,Pagosa Springs,-107.056,37.28625,2336.0,America/Denver,CO
PUB,PUEBLO MEMORIAL(AW),-104.49833,38.29,1439.0,America/Denver,CO
4V0,Rangely,-108.7593,40.0956,1605.0275,America/Denver,CO
1NW,Raymer,-103.8371,40.6319,1462.5062,America/Denver,CO
CCU,RED CLIFF PASS (CDOT),-106.153,39.475,3680.0,America/Denver,CO
RIL,RIFLE/GARFIELD RGNL,-107.72694,39.52631,1691.0,America/Denver,CO
04V,SAGUACHE MUNI,-106.17,38.1,2385.0,America/Denver,CO
ANK,Salida,-106.0486389,38.5382778,2293.0,America/Denver,CO
SHM,Schriever AFB,-104.5167,38.8,1896.5726,America/Denver,CO
8V7,Springfield,-102.618,37.4587,1338.0,America/Denver,CO
SPD,SPRINGFIELD/COMANCHE NATL GRASS,-102.61389,37.28333,1335.0,America/Denver,CO
SBS,STEAMBOAT SPRINGS,-106.86631,40.51625,2096.0,America/Denver,CO
STK,Sterling,-103.2648,40.6153,1230.0,America/Denver,CO
5SM,Sunlight,-107.379,39.426,3232.0,America/Denver,CO
TEX,TELLURIDE REGIONAL,-107.90848,37.95376,2769.0,America/Denver,CO
TAD,TRINIDAD/ANIMAS CO.,-104.34068,37.25938,1756.0,America/Denver,CO
33V,Walden,-106.2715,40.7503,2484.0,America/Denver,CO
4V1,Walsenburg,-104.7881,37.6941,1843.6492,America/Denver,CO
C07,Walton Peak,-106.6992,40.3544,3210.7876,America/Denver,CO
C08,Westcliffe,-105.374272,38.0132778,2512.0,America/Denver,CO
4BM,WILKERSON PASS,-105.514,39.05,3438.0,America/Denver,CO
CPW,WOLF CREEK PASS (CDOT),-106.8,37.45,3584.0,America/Denver,CO
2V5,Wray,-102.24096,40.1003233,1117.7,America/Denver,CO
2V6,Yuma,-102.7128,40.1046,1255.8844,America/Denver,CO
BDR,Bridgeport/Sikorsky,-73.12889,41.15833,5.0,America/New_York,CT
SNC,Chester,-72.5058944,41.3839047,126.8,America/New_York,CT
DXR,DANBURY MUNICIPAL,-73.48,41.37,139.0,America/New_York,CT
GON,GROTON/NEW LONDON,-72.05,41.33,3.0,America/New_York,CT
BDL,HARTFORD/BRADLEY,-72.6825,41.9381,55.0,America/New_York,CT
HFD,HARTFORD/BRAINARD,-72.64944,41.73672,6.0,America/New_York,CT
MMK,MERIDEN MARKHAM MUNI AIRPORT,-72.83,41.51,31.0,America/New_York,CT
HVN,NEW HAVEN/TWEED,-72.88681,41.26375,4.0,America/New_York,CT
OXC,OXFORD (AWOS),-73.13539,41.47412,222.0,America/New_York,CT
4B8,Plainville,-72.8646,41.689333,61.0,America/New_York,CT
IJD,WILLIMANTIC (ASOS),-72.18361,41.74194,76.0,America/New_York,CT
33N,Cheswold,-75.6004722,39.2186944,13.995738,America/New_York,DE
DOV,DOVER AFB,-75.466,39.1295,9.0,America/New_York,DE
GED,GEORGETOWN/SUSSEX,-75.35889,38.68919,16.0,America/New_York,DE
ILG,WILMINGTON AIRPORT,-75.60083,39.67278,24.0,America/New_York,DE
AAF,APALACHICOLA MUNI (ASOS),-85.02744,29.72761,6.0,America/New_York,FL
BOW,Bartow,-81.7834167,27.9433611,38.1,America/New_York,FL
F95,Blountstown,-85.1137858,30.4870317,35.0,America/Chicago,FL
BCT,BOCA RATON AIRPORT,-80.11,26.38,4.0,America/New_York,FL
BKV,BROOKSVILLE (ASOS),-82.45542,28.4736,20.0,America/New_York,FL
FIN,Bunnell,-81.2087,29.4657,5.5299377,America/New_York,FL
XMR,Cape Canaveral,-80.5668,28.4677,3.0,America/New_York,FL
VSH,Chipley,-85.5979858,30.7799131,23.621132,America/Chicago,FL
NFJ,Choctaw,-86.9597,30.5069,30.99748,America/Chicago,FL
CLW,Clearwater Air Park,-82.7563,27.9742,23.233936,America/New_York,FL
2IS,Clewiston,-81.0468,26.7339,8.316562,America/New_York,FL
54A,Coral Creek,-82.2526028,26.8537417,1.0,America/New_York,FL
CEW,CRESTVIEW/BOB SIKES,-86.52,30.78,65.0,America/Chicago,FL
CTY,Cross City,-83.10475,29.63553,13.0,America/New_York,FL
CGC,Crystal River,-82.5713056,28.8672778,2.7,America/New_York,FL
DAB,DAYTONA BEACH RGNL,-81.05806,29.17992,11.0,America/New_York,FL
54J,DeFuniak,-86.1538,30.7311,85.669975,America/Chicago,FL
DED,DeLand,-81.28375,29.0670278,21.266401,America/New_York,FL
DTS,Destin - Fort Walton Beach,-86.4674,30.3934,7.3086386,America/Chicago,FL
EGI,DUKE FLD/EGLIN,-86.52289,30.65034,59.0,America/Chicago,FL
VPS,EGLIN AFB/VALPARAIS,-86.5254,30.48325,26.0,America/Chicago,FL
EGC,Everglades City,-81.38333,25.85,0.0,America/New_York,FL
FHB,Fernandina Beach,-81.4611944,30.6118333,5.0,America/New_York,FL
FXE,FORT LAUDERDALE,-80.17,26.2,4.0,America/New_York,FL
FLL,Fort Lauderdale - Hollywood,-80.16223087,26.07871176,1.0,America/New_York,FL
FMY,FORT MYERS/PAGE FLD,-81.86145,26.58495,5.0,America/New_York,FL
RSW,FT MYERS/SW FLORIDA,-81.75673,26.53806,9.0,America/New_York,FL
FPR,FT PIERCE/ST LUCIE,-80.37667,27.49806,7.0,America/New_York,FL
GNV,GAINESVILLE RGNL,-82.27602,29.6917,46.0,America/New_York,FL
HWO,HOLLYWOOD/N. PERRY,-80.24119,25.99955,3.0,America/New_York,FL
HST,HOMESTEAD AFB,-80.38367,25.48844,2.0,America/New_York,FL
HRT,HURLBURT FIELD (AF),-86.68933,30.42783,12.0,America/Chicago,FL
IMM,Immokalee Auxiliary,-81.401,26.4332,14.007797,America/New_York,FL
INF,Inverness,-82.3182,28.8036,15.732533,America/New_York,FL
VQQ,Jacksonville - Cecil Field,-81.8767178,30.2186892,24.7,America/New_York,FL
CRG,JACKSONVILLE/CRAIG,-81.5147,30.3361,12.0,America/New_York,FL
HEG,Jacksonville - Herlong,-81.80594,30.27777,25.0,America/New_York,FL
JAX,Jacksonville Intl,-81.68786,30.49406,6.0,America/New_York,FL
NIP,JACKSONVILLE NAS,-81.67472,30.23417,7.0,America/New_York,FL
NEN,Jacksonville - Whitehouse,-81.8669894,30.349495,25.753742,America/New_York,FL
K70,Key Largo - Ocean Reef,-80.275729,25.3243171,1.0,America/New_York,FL
42J,Keystone Heights,-82.0475,29.8448,60.0,America/New_York,FL
EYW,Key West,-81.7595556,24.5561111,1.0,America/New_York,FL
NQX,KEY WEST NAS,-81.68883,24.5757,2.0,America/New_York,FL
ISM,KISSIMMEE MUNI AIRPORT/ORLANDO,-81.44,28.29,25.0,America/New_York,FL
LCQ,Lake City,-82.5769,30.1821,57.0,America/New_York,FL
LAL,LAKELAND REGIONAL,-82.01856,27.98892,43.0,America/New_York,FL
X07,Lake Wales,-81.6167,27.8934,37.080635,America/New_York,FL
LNA,Lantana,-80.0848,26.5925,8.123995,America/New_York,FL
LEE,LEESBURG MUNICIPAL AIRPORT,-81.81,28.82,24.0,America/New_York,FL
24J,Live Oak,-83.0247,30.3001,35.94818,America/New_York,FL
MCF,MACDILL AFB/TAMPA,-82.52,27.85,4.0,America/New_York,FL
AGR,MacGill AFB,-81.3415,27.64785,20.0,America/New_York,FL
MTH,Marathon,-81.05136,24.72619,2.0,America/New_York,FL
MKY,Marco Island,-81.6725,25.995,4.515613,America/New_York,FL
MAI,MARIANA,-85.18389,30.83556,34.0,America/Chicago,FL
NRB,MAYPORT NS,-81.42452,30.39137,5.0,America/New_York,FL
MLB,MELBOURNE REGIONAL,-80.64526,28.10275,11.0,America/New_York,FL
COI,Merritt Island,-80.68548,28.3415997,1.0,America/New_York,FL
MBF,Miami Beach,-80.13333,25.76667,2.0,America/New_York,FL
MIA,MIAMI INTL AIRPORT,-80.31693,25.78805,4.0,America/New_York,FL
TMB,MIAMI/KENDALL-TAMIA,-80.43467,25.64227,3.0,America/New_York,FL
OPF,MIAMI/OPA LOCKA,-80.28283,25.91017,3.0,America/New_York,FL
NDZ,Milton,-87.02306,30.70444,54.0,America/Chicago,FL
APF,NAPLES MUNICIPAL,-81.77528,26.1525,3.0,America/New_York,FL
TTS,NASA SHUTTLE FCLTY,-80.69437,28.61489,3.0,America/New_York,FL
EVB,NEW SMYRNA BEACH MUNI,-80.94892,29.05569,3.0,America/New_York,FL
OCF,Ocala,-82.22100097,29.16363228,28.281782,America/New_York,FL
OCR,Ocean Reef,-80.26667,25.3,-4.0,America/New_York,FL
OBE,Okeechobee,-80.8497831,27.2628231,10.4,America/New_York,FL
ORL,ORLANDO/HERNDON,-81.33294,28.54546,34.0,America/New_York,FL
MCO,Orlando International,-81.30899,28.42939,32.0,America/New_York,FL
OMN,ORMOND BEACH MUNI,-81.11361,29.30056,9.0,America/New_York,FL
28J,Palatka,-81.6889,29.6586,9.363473,America/New_York,FL
XFL,Palm Coast,-81.2063333,29.4673889,10.0,America/New_York,FL
ECP,Panama City,-85.7956,30.3582,69.0,America/Chicago,FL
PFN,PANAMA CITY/BAY CO.,-85.68281,30.21208,6.0,America/Chicago,FL
TDR,Panama City Beach - Drone Runway,-85.5765,30.07,3.8308954,America/Chicago,FL
COF,PATRICK AFB/COCOA B,-80.60999,28.23496,3.0,America/New_York,FL
NPA,PENSACOLA NAS,-87.31797,30.35327,9.0,America/Chicago,FL
PNS,PENSACOLA REGIONAL,-87.18694,30.47806,37.0,America/Chicago,FL
FPY,Perry,-83.581543,30.070812,18.982101,America/New_York,FL
PCM,Plant City,-82.1642417,28.0002167,46.9,America/New_York,FL
PMP,POMPANO BEACH,-80.11103,26.24636,7.0,America/New_York,FL
PGD,PUNTA GORDA,-81.99139,26.91722,8.0,America/New_York,FL
2J9,Quincy,-84.557425,30.5978708,69.0,America/New_York,FL
PIE,SAINT PETERSBURG,-82.68742,27.91,3.0,America/New_York,FL
SFB,SANFORD/ORLANDO,-81.24361,28.77972,17.0,America/New_York,FL
SRQ,SARASOTA-BRADENTON,-82.55861,27.40139,9.0,America/New_York,FL
SEF,Sebring,-81.3416,27.4547,17.05809,America/New_York,FL
SGJ,ST AUGUSTINE AIRPT,-81.33972,29.95925,3.0,America/New_York,FL
SPG,St Petersburg,-82.62697,27.76511,1.0,America/New_York,FL
TLH,TALLAHASSEE RGNL,-84.35135,30.39354,21.0,America/New_York,FL
TPA,TAMPA INTL AIRPORT,-82.5403,27.9619,3.0,America/New_York,FL
TPF,Tampa/Knight,-82.4492608,27.9155783,2.4,America/New_York,FL
VVG,The VIllages,-81.96981093,28.94463746,26.941813,America/New_York,FL
X21,Titusville,-80.835409,28.6225517,9.0,America/New_York,FL
TIX,TITUSVILLE,-80.79923,28.5148,11.0,America/New_York,FL
1J0,Tri County,-85.6014,30.8458,26.0,America/Chicago,FL
BCR,Tri-County,-85.601666666667,30.843833333333,25.649832,America/Chicago,FL
PAM,TYNDALL AFB,-85.57542,30.06957,5.0,America/Chicago,FL
X59,Valkaria,-80.558,27.9608,7.0,America/New_York,FL
X26,Valkaria AFS,-80.4959,27.8126,9.411048,America/New_York,FL
VDF,VANDENBERG AIRPORT/TAMPA,-82.34528,28.01397,7.0,America/New_York,FL
VNC,Venice,-82.4403,27.0716,6.0,America/New_York,FL
VRB,Vero Beach,-80.41794,27.65556,8.0,America/New_York,FL
F45,West Palm Beach,-80.2223333,26.8459167,8.885464,America/New_York,FL
PBI,WEST PALM BEACH,-80.0994,26.6847,6.0,America/New_York,FL
NSE,WHITING FLD NAS-N.,-87.0219,30.7242,61.0,America/Chicago,FL
X60,Williston,-82.4719,29.3557,25.33709,America/New_York,FL
GIF,WINTER HAVEN (ASOS),-81.75331,28.06292,44.0,America/New_York,FL
SUA,WITHAM FIELD AIRPORT/STUART,-80.22,27.18,6.0,America/New_York,FL
ZPH,Zephyrville,-82.155925,28.2281357,29.102571,America/New_York,FL
ABY,ALBANY MUNICIPAL,-84.19447,31.53552,59.0,America/New_York,GA
AMG,ALMA/BACON CO.,-82.50656,31.53606,61.0,America/New_York,GA
ACJ,Americus,-84.1888611,32.1108056,143.0,America/New_York,GA
AHN,ATHENS MUNICIPAL,-83.32635,33.9486,247.0,America/New_York,GA
PDK,ATLANTA/DEKALB,-84.30197,33.87561,305.0,America/New_York,GA
FTY,ATLANTA/FULTON CO.,-84.52,33.78,256.0,America/New_York,GA
ATL,ATLANTA INTL ARPT,-84.4418,33.6301,315.0,America/New_York,GA
DNL,Augusta,-82.03847627,33.46682095,125.0,America/New_York,GA
AGS,AUGUSTA/BUSH FIELD,-81.9645,33.36994,45.0,America/New_York,GA
BGE,BAINBRIDGE/DECATUR COUNTY INDUS,-84.63693,30.9716,43.0,America/New_York,GA
BHC,Baxley,-82.3938,31.7138,64.042046,America/New_York,GA
DZJ,Blairsville,-83.997325,34.8544264,582.0,America/New_York,GA
BIJ,BLAKELY,-84.8948,31.39751,65.0,America/New_York,GA
BQK,BRUNSWICK/GLYNCO,-81.4665,31.25881,8.0,America/New_York,GA
SSI,BRUNSWICK/MALCOLM,-81.39083,31.15222,6.0,America/New_York,GA
6A1,Butler,-84.2507,32.5674,203.0,America/New_York,GA
CZL,Calhoun,-84.9392,34.4554,193.82632,America/New_York,GA
CXU,Camilla,-84.2352,31.2132,51.806652,America/New_York,GA
18A,Canon,-83.1308,34.3404,258.54953,America/New_York,GA
47A,CANTON/CHEROKEE_CNTY_ARPT,-84.42389,34.31056,372.0,America/New_York,GA
CTJ,Carrollton,-85.1522641,33.6316964,353.9,America/New_York,GA
VPC,CARTERSVILLE AIRPORT,-84.84871,34.12315,233.0,America/New_York,GA
CNI,Cherokee County,-84.4239,34.3106,372.0,America/New_York,GA
CWV,Claxton,-81.8695556,32.1950556,34.0,America/New_York,GA
48A,Cochran,-83.2759,32.3994,100.19532,America/New_York,GA
CSG,COLUMBUS METRO ARPT,-84.94222,32.51611,121.0,America/New_York,GA
CKF,Cordele,-83.7739167,31.9888333,93.437004,America/New_York,GA
AJR,Cornelia,-83.5567,34.4998,434.79443,America/New_York,GA
CVC,Covington,-83.8474,33.6323,238.558,America/New_York,GA
9A1,Covington,-83.8496,33.6325,242.0,America/New_York,GA
PUJ,Dallas,-84.9406194,33.912043,393.0,America/New_York,GA
DNN,DALTON MUNI AIRPORT,-84.87,34.72,216.0,America/New_York,GA
16J,Dawson,-84.41929,31.7432881,96.0,America/New_York,GA
MGE,DOBBINS AFB/MARIETT,-84.51633,33.91533,326.0,America/New_York,GA
17J,Donalsonville,-84.8776,31.007,47.24814,America/New_York,GA
DQH,DOUGLAS_MUNI_ARPT,-82.86056,31.47667,78.0,America/New_York,GA
DBN,Dublin,-82.9852778,32.5644167,94.0,America/New_York,GA
EZM,Eastman,-83.1287,32.2164,93.0,America/New_York,GA
EBA,Elberton,-82.8175,34.0954,180.63292,America/New_York,GA
49A,Ellijay,-84.5271,34.6301,444.8425,America/New_York,GA
FZG,Fitzgerald,-83.2709,31.6839,104.145485,America/New_York,GA
LSF,FORT BENNING,-84.9913333,32.3373333,71.0,America/New_York,GA
LHW,FT STEWART/WRIGHT,-81.56233,31.8891,14.0,America/New_York,GA
GVL,GAINSVILLE,-83.83028,34.27194,38.0,America/New_York,GA
CPP,Greensboro,-83.1382,33.59797,215.0,America/New_York,GA
3J7,Greensboro,-83.139,33.5977,206.0,America/New_York,GA
HMP,Hampton,-84.3310333,33.3899056,256.7249,America/New_York,GA
4A7,Hampton,-84.3324,33.3891,257.57394,America/New_York,GA
AZE,Hazlehurst,-82.6474,31.8847,79.09521,America/New_York,GA
HOE,Homerville,-82.7741389,31.0559167,56.7,America/New_York,GA
SVN,HUNTER (AAF),-81.14599,32.01002,13.0,America/New_York,GA
19A,Jackson County Airport,-83.5616,34.1759,290.0,America/New_York,GA
JZP,Jasper,-84.4572,34.4535,457.98755,America/New_York,GA
JCA,Jefferson,-83.5583,34.1739,283.64853,America/New_York,GA
JES,Jesup,-81.8825,31.553972,32.6,America/New_York,GA
9A5,LaFayette,-85.2903,34.6885,236.01266,America/New_York,GA
LGC,LA_GRANGE,-85.07261,33.00886,211.0,America/New_York,GA
LZU,LAWRENCEVILLE,-83.96238,33.97808,323.0,America/New_York,GA
2J3,Louisville,-82.3857,32.9865,97.598885,America/New_York,GA
MCN,MACON/LEWIS WILSON,-83.64921,32.69285,110.0,America/New_York,GA
RYY,MARIETTA,-84.59861,34.01306,317.0,America/New_York,GA
MQW,Mc Rae,-82.8794,32.0969,60.0,America/New_York,GA
MHP,Metter,-82.081,32.3739,58.887756,America/New_York,GA
MLJ,Milledgeville,-83.2406944,33.1541667,117.0,America/New_York,GA
2J5,Millen,-81.9654,32.8935,67.51578,America/New_York,GA
D73,Monroe,-83.6928,33.7825,256.9343,America/New_York,GA
VAD,MOODY AFB/VALDOSTA,-83.193,30.96783,71.0,America/New_York,GA
MGR,MOULTRIE,-83.80325,31.08492,90.0,America/New_York,GA
MUL,MOULTRIE/SPENCE,-83.70406,31.13769,89.0,America/New_York,GA
CCO,NEWNAN COWETA COUNTY AIRPORT,-84.77,33.31,296.0,America/New_York,GA
FFC,PEACHTREE CITY,-84.56694,33.35528,264.0,America/New_York,GA
PXE,Perry,-83.7673,32.5106,125.39239,America/New_York,GA
PIM,Pine Mountain,-84.8824,32.8407,272.0958,America/New_York,GA
RVJ,Reidsville,-82.153576,32.059487,57.213497,America/New_York,GA
RMG,ROME/RUSSELL(RAMOS),-85.16111,34.34778,196.0,America/New_York,GA
OKZ,Sandersville,-82.8382,32.9667,128.72356,America/New_York,GA
SAV,Savannah - Hilton Head,-81.20230227,32.13136751,9.0,America/New_York,GA
6A2,Spalding,-84.2749,33.227,292.0,America/New_York,GA
TBR,STATESBORO/BULLOCH CO,-81.73694,32.48274,57.0,America/New_York,GA
SBO,Swainsboro,-82.3699444,32.6091389,327.0,America/New_York,GA
JYL,SYLVANIA,-81.59711,32.64528,57.0,America/New_York,GA
OPN,THOMASTON,-84.25937,32.95395,243.0,America/New_York,GA
TVI,Thomasville,-83.8811285,30.9017921,80.0,America/New_York,GA
HQU,THOMSON,-82.51639,33.52972,152.0,America/New_York,GA
TMA,Tifton,-83.488545,31.4289814,108.2,America/New_York,GA
TOC,Toccoa,-83.2964,34.5928,295.5283,America/New_York,GA
VLD,VALDOSTA REGIONAL,-83.27667,30.7825,62.0,America/New_York,GA
VDI,VIDALIA MUNI AIRPORT,-82.37,32.19,84.0,America/New_York,GA
5A9,Warm Springs,-84.6964,32.9385,265.0,America/New_York,GA
WRB,WARNER ROBINS AFB,-83.59185,32.64014,90.0,America/New_York,GA
IIY,Washington,-82.8158333,33.7794167,191.41869,America/New_York,GA
AYS,WAYCROSS/WARE CO.,-82.39549,31.24908,46.0,America/New_York,GA
WDR,WINDER,-83.66742,33.98286,287.0,America/New_York,GA
AXA,Algona,-94.2723694444,43.0796472222,368.8,America/Chicago,IA
AMW,Ames,-93.618515,41.990439,280.0,America/Chicago,IA
IKV,ANKENY,-93.569475,41.6878083333,270.7,America/Chicago,IA
AIO,ATLANTIC,-95.0465277778,41.4058805556,351.7,America/Chicago,IA
ADU,AUDUBON,-94.9204416667,41.6993527778,399.3,America/Chicago,IA
BNW,BOONE MUNI,-93.848575,42.0485694444,349.3,America/Chicago,IA
BRL,BURLINGTON,-91.125494,40.772929,213.0,America/Chicago,IA
CIN,CARROLL,-94.7888805556,42.0443611111,365.2,America/Chicago,IA
CID,CEDAR RAPIDS,-91.724588,41.882899,265.0,America/Chicago,IA
TVK,Centerville,-92.8983388889,40.6831805556,313.0,America/Chicago,IA
CNC,CHARITON,-93.3607694444,41.0184305556,319.1,America/Chicago,IA
CCY,Charles City,-92.6132222222,43.0730055556,340.2,America/Chicago,IA
CKP,Cherokee,-95.553775,42.7304194444,373.7,America/Chicago,IA
ICL,CLARINDA,-95.0222722222,40.7241527778,298.1,America/Chicago,IA
CAV,CLARION,-93.7592583333,42.7430416667,350.2,America/Chicago,IA
CWI,CLINTON,-90.332796,41.829504,216.0,America/Chicago,IA
CBF,COUNCIL BLUFFS,-95.7604083333,41.2611111111,378.0,America/Chicago,IA
CSQ,CRESTON,-94.3607972222,41.0187888889,393.2,America/Chicago,IA
DEH,DECORAH,-91.7433138889,43.2755194444,352.7,America/Chicago,IA
DNS,DENISON,-95.3799888889,41.9841944444,381.0,America/Chicago,IA
DSM,Des Moines,-93.653114,41.53395,294.0,America/Chicago,IA
DBQ,DUBUQUE,-90.709143,42.39835,329.0,America/Chicago,IA
EST,ESTHERVILLE,-94.747643,43.400849,401.0,America/Chicago,IA
FFL,FAIRFIELD,-91.9834111111,41.0520888889,242.3,America/Chicago,IA
FXY,Forest City,-93.6236694444,43.2323166667,374.6,America/Chicago,IA
FOD,FORT DODGE,-94.203203,42.549741,355.0,America/Chicago,IA
FSW,FORT MADISON,-91.3267166667,40.6614833333,220.1,America/Chicago,IA
GGI,Grinnell,-92.7331972222,41.7097305556,307.0,America/Chicago,IA
HPT,Hampton,-93.22439295,42.71752039,350.1681,America/Chicago,IA
HNR,HARLAN,-95.3354555556,41.5834194444,364.5,America/Chicago,IA
IIB,INDEPENDENCE,-91.9504,42.4544277778,294.0,America/Chicago,IA
IOW,IOWA CITY,-91.544535,41.63939,204.0,America/Chicago,IA
IFA,Iowa Falls,-93.2650805556,42.4690972222,346.6,America/Chicago,IA
EOK,KEOKUK MUNI,-91.4273916667,40.4614611111,204.5,America/Chicago,IA
OXV,Knoxville,-93.1113916667,41.2984472222,281.9,America/Chicago,IA
LWD,LAMONI,-93.900467,40.630636,333.0,America/Chicago,IA
LRJ,LE MARS,-96.19225,42.775375,362.4,America/Chicago,IA
MIW,MARSHALLTOWN,-92.916315,42.110606,297.0,America/Chicago,IA
MCW,MASON CITY,-93.326097,43.154383,370.0,America/Chicago,IA
MXO,MONTICELLO MUNI,-91.1604555556,42.2203611111,254.5,America/Chicago,IA
MPZ,MOUNT PLEASANT,-91.5122277778,40.9452527778,222.0,America/Chicago,IA
MUT,MUSCATINE,-91.140575,41.3669944444,165.5,America/Chicago,IA
TNU,NEWTON MUNI,-93.0190416667,41.6701111111,287.0,America/Chicago,IA
OLZ,OELWEIN,-91.9759888889,42.6831388889,328.0,America/Chicago,IA
ORC,Orange City,-96.0605861111,42.9894916667,429.97208,America/Chicago,IA
I75,Osceola,-93.6876138889,41.0471722222,338.3,America/Chicago,IA
OOA,Oskaloosa,-92.4918666667,41.227275,256.0,America/Chicago,IA
OTM,OTTUMWA,-92.444592,41.100793,258.0,America/Chicago,IA
PEA,PELLA,-92.9431083333,41.3989138889,265.0,America/Chicago,IA
PRO,Perry,-94.1637083333,41.8277916667,309.0,America/Chicago,IA
DVN,QUAD CITIES,-90.594829,41.613329,229.0,America/Chicago,IA
RDK,RED OAK,-95.2624111111,41.01065,317.0,America/Chicago,IA
SHL,SHELDON,-95.8353138889,43.2081611111,432.2,America/Chicago,IA
SDA,SHENANDOAH MUNI,-95.4112333333,40.753275,296.0,America/Chicago,IA
SUX,SIOUX CITY,-96.379478,42.391678,336.0,America/Chicago,IA
SXK,Sioux County,-96.1614003,42.9858275,427.62628,America/Chicago,IA
SPW,SPENCER,-95.210088,43.168218,403.0,America/Chicago,IA
SLB,Storm Lake,-95.2399194444,42.5972277778,449.9,America/Chicago,IA
VTI,VINTON,-92.0248416667,42.2175777778,255.0,America/Chicago,IA
AWG,WASHINGTON,-91.6748111111,41.2751444444,228.9,America/Chicago,IA
ALO,Waterloo,-92.401293,42.554365,268.0,America/Chicago,IA
EBS,Webster City,-93.8690777778,42.4392305556,337.4,America/Chicago,IA
1U7,Bear Lake County,-111.3416,42.2497,1807.0803,America/Boise,ID
BOI,BOISE MUNICIPAL,-116.24056,43.56667,874.0,America/Boise,ID
65S,Bonners Ferry,-116.2952,48.726,711.0,America/Los_Angeles,ID
BYI,BURLEY MUNICIPAL,-113.77154,42.5426,1265.0,America/Boise,ID
EUL,CALDWELL,-116.63578,43.64186,740.0,America/Boise,ID
LLJ,Challis,-114.215,44.52278,1546.0,America/Boise,ID
COE,COEUR D ALENE(AWOS),-116.81958,47.77431,707.0,America/Los_Angeles,ID
DIJ,Driggs,-111.0978608,43.7419306,1898.0,America/Boise,ID
P69,Elk City (RAMOS),-115.5971251,46.1445361,445.0,America/Los_Angeles,ID
GNG,Gooding,-114.7652,42.9172,1127.4661,America/Boise,ID
GIC,Grangeville,-116.1234167,45.9425556,1010.0,America/Los_Angeles,ID
SUN,HAILEY/FRIEDMAN MEM,-114.29555,43.50378,1620.0,America/Boise,ID
IDA,IDAHO FALLS/FANNING,-112.07075,43.51372,1445.0,America/Boise,ID
JER,JEROME COUNTY AIRPORT,-114.45664,42.72669,1222.0,America/Boise,ID
LWS,Lewiston,-117.01539,46.3745,438.0,America/Los_Angeles,ID
MLD,MALAD CITY,-112.29663,42.16659,1373.0,America/Boise,ID
77M,MALTA,-113.334,42.316,1375.0,America/Boise,ID
MYL,MC CALL,-116.10167,44.88889,1531.0,America/Boise,ID
MUO,MOUNTAIN HOME AFB,-115.87243,43.0436,913.0,America/Boise,ID
MLP,Mullan Pass,-115.671108,47.454818,1830.0652,America/Los_Angeles,ID
MAN,Nampa Mun,-116.5231,43.5813,771.0,America/Boise,ID
PIH,POCATELLO MUNICIPAL,-112.59592,42.90981,1365.0,America/Boise,ID
U10,Preston,-111.91257,42.1069361,1440.0,America/Boise,ID
RXE,REXBURG-MADISON COUNTY AIRPORT,-111.8051,43.83391,1481.0,America/Boise,ID
SMN,SALMON/LEMHI (AWOS),-113.88133,45.12378,1233.0,America/Boise,ID
SZT,SANDPOINT,-116.56,48.29944,648.0,America/Los_Angeles,ID
U78,SODA SPRINGS/TIGERT,-111.57994,42.64159,1780.0,America/Boise,ID
S14,SPENCER,-112.18333,44.35,1800.0,America/Boise,ID
SNT,Stanley Ranger Station,-114.92686182,44.1707859,1979.9354,America/Boise,ID
TWF,TWIN FALLS/JOSLIN,-114.48775,42.48181,1265.0,America/Boise,ID
ALN,ALTON/ST LOUIS R,-90.04599,38.88992,166.0,America/Chicago,IL
BLV,Belleville - Scott AFB,-89.85154075,38.54537139,134.0,America/Chicago,IL
BMI,BLOOMINGTON/NORM,-88.91592,40.47711,267.0,America/Chicago,IL
CPS,CAHOKIA/ST LOUIS,-90.15622,38.57073,126.0,America/Chicago,IL
CIR,Cairo,-89.2196,37.0647,97.8,America/Chicago,IL
MDH,CARBONDALE/MURPH,-89.25,37.78,130.0,America/Chicago,IL
CUL,Carmi,-88.1230611,38.0894792,118.0,America/Chicago,IL
ENL,CENTRALIA,-89.09114,38.51508,163.0,America/Chicago,IL
CMI,Champaign - Willard,-88.2755,40.0324,227.0,America/Chicago,IL
MDW,CHICAGO,-87.75242,41.78597,188.0,America/Chicago,IL
ARR,CHICAGO/AURORA,-88.48,41.77,215.0,America/Chicago,IL
DPA,CHICAGO/DUPAGE,-88.24861,41.90778,231.0,America/Chicago,IL
IGQ,CHICAGO/LANSING,-87.52953,41.53492,188.0,America/Chicago,IL
CGX,CHICAGO/MEIGS,-87.6079,41.8588,181.0,America/Chicago,IL
ORD,Chicago OHare,-87.9316,41.9602,205.0,America/Chicago,IL
06C,Chicago - Schaumburg,-88.105,41.9912708,243.0,America/Chicago,IL
DNV,DANVILLE,-87.59552,40.1997,212.0,America/Chicago,IL
DEC,DECATUR,-88.86569,39.83456,207.0,America/Chicago,IL
DKB,DE KALB,-88.70569,41.93383,279.0,America/Chicago,IL
1H2,EFFINGHAM,-88.53352,39.07045,179.0,America/Chicago,IL
FWC,FAIRFIELD,-88.41265,38.37863,133.0,America/Chicago,IL
FOA,FLORA,-88.45311,38.66499,144.0,America/Chicago,IL
FEP,FREEPORT,-89.58199,42.24616,262.0,America/Chicago,IL
GBG,GALESBURG,-90.43114,40.938,245.0,America/Chicago,IL
HSB,HARRISBURG,-88.55026,37.81126,121.0,America/Chicago,IL
IJX,JACKSONVILLE,-90.23827,39.77461,190.0,America/Chicago,IL
JOT,JOLIET,-88.17561,41.51769,177.0,America/Chicago,IL
IKK,KANKAKEE,-87.84628,41.07139,192.0,America/Chicago,IL
C75,LACON,-89.38642,41.01929,173.0,America/Chicago,IL
LWV,LAWRENCEVILLE,-87.6055,38.76428,131.0,America/Chicago,IL
AAA,Lincoln,-89.3350278,40.1586944,182.0,America/Chicago,IL
3LF,Litchfield,-89.6746372,39.1624917,210.0,America/Chicago,IL
MQB,MACOMB MUNI,-90.65,40.52,215.0,America/Chicago,IL
MWA,MARION REGIONAL,-89.01108,37.75497,144.0,America/Chicago,IL
MTO,MATTOON/CHARLEST,-88.27924,39.47794,214.0,America/Chicago,IL
M30,Metropolis  IL,-88.75061,37.18589,384.0,America/Chicago,IL
MLI,Moline,-90.50754,41.44853,181.0,America/Chicago,IL
C09,MORRIS-WASHBURN,-88.41861,41.42528,178.0,America/Chicago,IL
AJG,Mount Carmel,-87.7266942,38.6065472,131.0,America/Chicago,IL
I63,Mount Sterling,-90.8042,39.9875,219.73824,America/Chicago,IL
MVN,MOUNT VERNON,-88.85833,38.32333,146.0,America/Chicago,IL
OLY,OLNEY-NOBLE,-88.17643,38.72183,147.0,America/Chicago,IL
PWK,PALWAUKEE,-87.90472,42.12083,203.0,America/Chicago,IL
PRG,PARIS,-87.67,39.7,199.0,America/Chicago,IL
PIA,PEORIA,-89.6839,40.6675,205.0,America/Chicago,IL
VYS,PERU,-89.15308,41.35187,199.0,America/Chicago,IL
PPQ,PITTSFIELD,-90.77843,39.63886,216.0,America/Chicago,IL
PNT,PONTIAC,-88.62394,40.92444,201.0,America/Chicago,IL
UIN,QUINCY,-91.19458,39.94285,234.0,America/Chicago,IL
TIP,RANTOUL,-88.14239,40.29356,225.0,America/Chicago,IL
RSV,Robinson,-87.649775,39.0160422,141.0,America/Chicago,IL
RPJ,Rochelle,-89.07829,41.8930014,238.0,America/Chicago,IL
RFD,Rockford,-89.08759937,42.19150564,220.0,America/Chicago,IL
LOT,ROMEOVILLE/CHI,-88.09619,41.60811,205.0,America/Chicago,IL
SLO,SALEM/LECKRONE,-88.96419,38.64287,175.0,America/Chicago,IL
SFY,Savanna,-90.1079444,42.0458333,188.0,America/Chicago,IL
SAR,SPARTA,-89.7,38.15,164.0,America/Chicago,IL
SPI,SPRINGFIELD,-89.6839,39.8447,181.0,America/Chicago,IL
SQI,STERLING ROCKFAL,-89.67631,41.74283,197.0,America/Chicago,IL
TAZ,TAYLORVILLE,-89.32778,39.53417,190.0,America/Chicago,IL
UGN,Waukegan,-87.86330075,42.42545326,216.0,America/Chicago,IL
AID,ANDERSON MUNICIP,-85.613,40.10861,280.0,America/Indiana/Indianapolis,IN
ANQ,Angola,-85.0834933,41.6396983,293.44824,America/Indiana/Indianapolis,IN
GWB,Auburn,-85.0643611,41.3071667,268.2,America/Indiana/Indianapolis,IN
HLB,Batesville,-85.2583,39.3445,296.38635,America/Indiana/Indianapolis,IN
BFR,Bedford,-86.4454,38.84,219.0,America/Indiana/Indianapolis,IN
BMG,Bloomington,-86.6166944,39.1460278,257.0,America/Indiana/Indianapolis,IN
BAK,COLUMBUS/BALKALA,-85.89633,39.26192,200.0,America/Indiana/Indianapolis,IN
CFJ,Crawfordsville,-86.9199,39.9756,243.5067,America/Indiana/Indianapolis,IN
DCY,Daviess City,-87.1297,38.7004,141.0,America/Indiana/Vincennes,IN
EKM,ELKHART MUNICIPA,-86.0,41.72,237.0,America/Indiana/Indianapolis,IN
EVV,EVANSVILLE,-87.5205,38.0441,117.0,America/Chicago,IN
FWA,FORT WAYNE,-85.18713,40.97805,248.0,America/Indiana/Indianapolis,IN
SMD,Fort Wayne - Smith,-85.1492,41.144,251.0,America/Indiana/Indianapolis,IN
FKR,Frankfort,-86.5622,40.2734,261.59732,America/Indiana/Indianapolis,IN
FRH,French Lick,-86.6369444,38.5062222,237.24536,America/Indiana/Indianapolis,IN
GYY,GARY REGIONAL,-87.41278,41.61628,180.0,America/Chicago,IN
GSH,GOSHEN,-85.79222,41.52722,252.0,America/Indiana/Indianapolis,IN
4I7,Greencastle,-86.8138056,39.6335556,253.58478,America/Indiana/Indianapolis,IN
GPC,Greencastle,-86.8155,39.6354,255.93918,America/Indiana/Indianapolis,IN
GUS,GRISSOM AFB/PERU,-86.15212,40.64809,247.0,America/Indiana/Indianapolis,IN
2R2,Henricks County,-86.48,39.7468,272.0,America/Indiana/Indianapolis,IN
HBE,Himsel Aaf,-86.0305,39.3417,214.4696,America/Indiana/Indianapolis,IN
HNB,HUNTINGBURG,-86.95,38.25,161.0,America/Indiana/Vincennes,IN
HHG,Huntington,-85.4571,40.8529,244.00758,America/Indiana/Indianapolis,IN
IND,INDIANAPOLIS,-86.30482,39.70841,241.0,America/Indiana/Indianapolis,IN
EYE,INDIANAPOLIS,-86.29583,39.825,248.0,America/Indiana/Indianapolis,IN
TYQ,Indianapolis Exec,-86.2514444,40.0306389,281.0,America/Indiana/Indianapolis,IN
HFY,Indianapolis - Greenwood Muni,-86.088,39.6276,249.97754,America/Indiana/Indianapolis,IN
MQJ,Indianapolis Mount Comfort,-85.8971,39.8435,260.9939,America/Indiana/Indianapolis,IN
UMP,Indy Metro,-86.045,39.935,242.0,America/Indiana/Indianapolis,IN
JVY,Jefferson,-85.7382,38.3654,142.65685,America/Kentucky/Louisville,IN
C62,Kendallville,-85.2541,41.4739,304.4069,America/Indiana/Indianapolis,IN
OXI,Knox,-86.6648056,41.3301944,208.8,America/Indiana/Knox,IN
OKK,KOKOMO,-86.05899,40.52818,253.0,America/Indiana/Indianapolis,IN
LAF,LAFAYETTE,-86.93333,40.41476,182.0,America/Indiana/Indianapolis,IN
PPO,La Porte,-86.7345275,41.5724722,241.0487,America/Chicago,IN
GGP,Logansport,-86.3727,40.7113,223.24077,America/Indiana/Indianapolis,IN
IMS,Madison,-85.4655,38.7589,242.6147,America/Indiana/Indianapolis,IN
MZZ,Marion,-85.6797319,40.4898637,261.8,America/Indiana/Indianapolis,IN
MGC,Michigan City,-86.8212,41.7033,197.0816,America/Chicago,IN
MCX,Monticello,-86.7668,40.7088,204.23053,America/Indiana/Indianapolis,IN
MIE,MUNCIE,-85.39575,40.24247,285.0,America/Indiana/Indianapolis,IN
UWL,New Castle,-85.325,39.8767,330.0,America/Indiana/Indianapolis,IN
1II,Nineveh,-86.0305483,39.3417172,214.45966,America/Indiana/Indianapolis,IN
C65,Plymouth,-86.3005,41.3651,244.1985,America/Indiana/Indianapolis,IN
PLD,Portland,-84.9901,40.4508,278.68958,America/Indiana/Indianapolis,IN
RZL,Rensselaer,-87.1825794,40.9478986,213.0,America/Chicago,IN
RID,Richmond,-84.8428,39.7572,345.13165,America/Indiana/Indianapolis,IN
RCR,Rochester,-86.1816944,41.0655278,240.8,America/Indiana/Indianapolis,IN
GEZ,SHELBYVILLE,-85.80481,39.58314,245.0,America/Indiana/Indianapolis,IN
SBN,SOUTH BEND,-86.31639,41.70722,237.0,America/Indiana/Indianapolis,IN
HUF,TERRE HAUTE,-87.30758,39.45147,179.0,America/Indiana/Indianapolis,IN
VPZ,VALPARAISO,-87.00708,41.45397,231.0,America/Chicago,IN
ASW,WARSAW MUNI,-85.84006,41.27469,259.0,America/Indiana/Indianapolis,IN
ANY,Anthony,-98.07952,37.1598,406.0,America/Chicago,KS
ADT,Atwood,-101.042,39.8401,904.0397,America/Chicago,KS
3AU,Augusta,-97.0779,37.6716,405.83893,America/Chicago,KS
1K1,Benton,-97.1132,37.7744,413.555,America/Chicago,KS
UKL,Burlington,-95.7249575,38.3024847,357.5,America/Chicago,KS
CNU,CHANUTE,-95.48417,37.67028,305.0,America/Chicago,KS
CFV,COFFEYVILLE,-95.57189,37.09405,226.0,America/Chicago,KS
CBK,COLBY,-101.04661,39.42744,971.0,America/Chicago,KS
3K8,Coldwater,-99.3309,37.2281,638.7335,America/Chicago,KS
CNK,CONCORDIA,-97.65,39.55,452.0,America/Chicago,KS
DDC,Dodge City,-99.96542,37.76312,790.0,America/Chicago,KS
EQA,El Dorado,-96.8176,37.7741,422.5155,America/Chicago,KS
EHA,ELKHART,-101.88003,37.00078,1099.0,America/Chicago,KS
9K7,Ellsworth,-98.2291,38.751,489.0,America/Chicago,KS
EMP,EMPORIA,-96.18972,38.33056,368.0,America/Chicago,KS
13K,Eureka,-96.2929,37.8519,365.09073,America/Chicago,KS
FLV,FORT LEAVENWORTH,-94.91469,39.36833,235.0,America/Chicago,KS
FRI,Fort Riley,-96.7644875,39.0526411,324.6,America/Chicago,KS
FSK,Fort Scott,-94.7694,37.7984,278.0,America/Chicago,KS
GCK,GARDEN_CITY,-100.72442,37.92753,881.0,America/Chicago,KS
GLD,GOODLAND,-101.69333,39.36722,1111.0,America/Denver,KS
GBD,GREAT_BEND,-98.85919,38.34425,575.0,America/Chicago,KS
HYS,HAYS_MUNI,-99.27317,38.84222,609.0,America/Chicago,KS
HLC,HILL_CITY,-99.82972,39.37556,678.0,America/Chicago,KS
HQG,Hugoton,-101.3705,37.1631,956.5196,America/Chicago,KS
HUT,HUTCHINSON,-97.86064,38.0655,470.0,America/Chicago,KS
IDP,Independence,-95.7783889,37.1583611,251.0,America/Chicago,KS
K88,Iola,-95.3869,37.8682,306.19186,America/Chicago,KS
JHN,Johnson,-101.7304,37.5782,1012.7145,America/Chicago,KS
36K,Lakin,-101.2554,37.9695,934.0,America/Chicago,KS
LQR,Larned,-99.086,38.209,613.0,America/Chicago,KS
LWC,Lawrence,-95.21147688,39.00767972,253.47006,America/Chicago,KS
3K7,Leoti,-101.3508647,38.4575264,1005.0,America/Chicago,KS
LBL,LIBERAL_MUNI,-100.95986,37.04422,879.0,America/Chicago,KS
LYO,Lyons,-98.2285625,38.3402511,518.2949,America/Chicago,KS
MHK,MANHATTAN,-96.67778,39.13528,322.0,America/Chicago,KS
MYZ,Marysville,-96.6306,39.8553,393.16907,America/Chicago,KS
IAB,MCCONNELL_AFB,-97.26733,37.623,418.0,America/Chicago,KS
MPR,Mc Pherson,-97.6913,38.3524,455.0,America/Chicago,KS
P28,MEDICINE_LODGE,-98.55278,37.28389,468.0,America/Chicago,KS
EWK,NEWTON,-97.27452,38.05823,467.0,America/Chicago,KS
NRN,NORTON,-99.89467,39.85041,720.0,America/Chicago,KS
OEL,Oakley,-100.8166,39.1017,919.16284,America/Chicago,KS
OIN,OBERLIN,-100.53933,39.83392,824.0,America/Chicago,KS
IXD,Olathe,-94.89031,38.83092,343.0,America/Chicago,KS
OJC,OLATHE (OJC),-94.73917,38.85,334.0,America/Chicago,KS
OWI,Ottawa,-95.2542,38.5409,292.66013,America/Chicago,KS
PPF,PARSONS,-95.50417,37.32778,274.0,America/Chicago,KS
PHG,PHILLIPSBURG,-99.3171,39.7358,581.0,America/Chicago,KS
PTS,Pittsburg,-94.7311389,37.4494722,289.6,America/Chicago,KS
PTT,Pratt,-98.7468681,37.7016125,595.0,America/Chicago,KS
RSL,RUSSELL,-98.81177,38.87212,568.0,America/Chicago,KS
K83,Sabetha,-95.7794,39.9042,403.0,America/Chicago,KS
SLN,SALINA,-97.65217,38.79097,388.0,America/Chicago,KS
TQK,Scott City,-100.8822,38.4782,906.70844,America/Chicago,KS
K82,Smith Center,-98.7934,39.7611,548.45166,America/Chicago,KS
SYF,St Francis,-101.795916,39.7610556,1037.3542,America/Denver,KS
19S,Sublette,-100.8329,37.4969,892.56555,America/Chicago,KS
3K3,Syracuse,-101.7463,37.9917,1005.6978,America/Denver,KS
FOE,TOPEKA (FOE),-95.66361,38.95094,329.0,America/Chicago,KS
TOP,TOPEKA (TOP),-95.62,39.07,270.0,America/Chicago,KS
ULS,Ulysses,-101.3736,37.604,930.42865,America/Chicago,KS
EGT,Wellington,-97.3883,37.32499,387.0,America/Chicago,KS
ICT,WICHITA,-97.43,37.65,408.0,America/Chicago,KS
AAO,WICHITA (AAO),-97.22,37.75,433.0,America/Chicago,KS
BEC,Wichita Beech Factory,-97.215,37.6945,424.67108,America/Chicago,KS
WLD,WINFIELD,-97.03694,37.16806,351.0,America/Chicago,KS
DWU,Ashland,-82.738,38.5545,165.28073,America/New_York,KY
BRY,Bardstown - Samuels Field,-85.4996,37.8143,194.3097,America/New_York,KY
SJS,Big Sandy,-82.6367,37.751,363.94977,America/New_York,KY
BWG,BOWLING GREEN,-86.41967,36.96453,167.0,America/Chicago,KY
FFT,CAPITAL CITY AIRPORT/FRANKFORT,-84.90333,38.18472,237.0,America/New_York,KY
CVG,Cincinnati / N Kentucky Intl,-84.67167,39.04306,267.0,America/New_York,KY
DVK,Danville,-84.7696944,37.5779167,311.5,America/New_York,KY
EKX,Elizabethtown,-85.925,37.686,232.35463,America/New_York,KY
K62,Falmouth,-84.3918,38.7041,272.0,America/New_York,KY
SYM,Fleming,-83.5874,38.215,328.18155,America/New_York,KY
FGX,Flemingsburg,-83.7434,38.5418,274.01697,America/New_York,KY
HOP,FORT CAMPBELL (AAF),-87.49618,36.66857,174.0,America/Chicago,KY
FTK,FORT KNOX/GODMAN,-85.97211,37.90706,230.0,America/New_York,KY
27K,Georgetown,-84.4347,38.2344,285.67224,America/New_York,KY
GLW,GLASGOW MUNI,-85.95375,37.03178,218.0,America/Chicago,KY
M21,Greenville,-87.1564,37.2262,125.56613,America/Chicago,KY
KY8,Hancock,-86.8592,37.953,120.59273,America/Chicago,KY
I93,Hardinsburg,-86.4412,37.784805,219.0,America/Chicago,KY
I35,Harlan Tucker Memorial,-83.3585,36.8593,465.73215,America/New_York,KY
EHR,HENDERSON CITY,-87.68569,37.80783,117.0,America/Chicago,KY
HVC,Hopkinsville,-87.4551,36.857,163.0,America/Chicago,KY
JKL,JACKSON/J. CARROLL,-83.31444,37.59139,421.0,America/New_York,KY
K24,Jamestown,-85.1027,37.009694,303.0,America/Chicago,KY
6I2,Lebanon - Springfield,-85.2418,37.6352,256.4838,America/New_York,KY
LEX,LEXINGTON/BLUEGRASS,-84.6058,38.0408,301.0,America/New_York,KY
LOZ,LONDON-CORBIN ARPT,-84.077,37.087,369.0,America/New_York,KY
LOU,LOUISVILLE/BOWMAN,-85.66372,38.228,167.0,America/New_York,KY
SDF,Louisville Intl,-85.7307643,38.17738097,146.0,America/New_York,KY
2I0,Madisonville,-87.3982,37.3559,134.0,America/Chicago,KY
5M9,Marion,-88.1097,37.3363,191.3158,America/Chicago,KY
GDA,Marion,-88.1095,37.3344,188.0,America/Chicago,KY
M25,Mayfield,-88.5847,36.7691,153.77827,America/Chicago,KY
1A6,MIDDLESBORO-BELL,-83.73742,36.61064,352.0,America/New_York,KY
EKQ,Monticello,-84.8561389,36.8552778,293.5,America/Kentucky/Monticello,KY
IOB,Mount Sterling,-83.9829,38.0575,306.06656,America/New_York,KY
CEY,Murray,-88.3728,36.6646,173.0,America/Chicago,KY
OWB,OWENSBORO/DAVIESS,-87.16683,37.73883,124.0,America/Chicago,KY
PAH,PADUCAH/BARKLEY,-88.7744,37.0563,120.0,America/Chicago,KY
PBX,Pikeville,-82.5674,37.5587,445.9922,America/New_York,KY
K22,Prestonsburg,-82.6367,37.751,363.94977,America/New_York,KY
RGA,Richmond,-84.3324,37.6315,295.15964,America/New_York,KY
I39,Richmond,-84.3323,37.6308,309.0,America/New_York,KY
SME,SOMERSET(AWOS),-84.61564,37.05358,283.0,America/New_York,KY
TWT,Sturgis,-87.9518,37.5408,110.81315,America/Chicago,KY
AAS,Taylor County,-85.3151,37.3569,269.40887,America/New_York,KY
CPF,Wendell H Ford,-83.2616,37.3874,369.47522,America/New_York,KY
BYL,Williamsburg,-84.1995,36.795,353.96262,America/New_York,KY
0R3,Abbeville,-92.0841517,29.9757608,4.6,America/Chicago,LA
IYA,Abbeville,-92.0842,29.9758,5.0,America/Chicago,LA
ESF,Alexandria - Esler,-92.28273446,31.39633781,25.399994,America/Chicago,LA
AEX,ALEXANDRIA INTL/ENGLAND AFB,-92.55861,31.33472,27.0,America/Chicago,LA
7R3,AMELIA/LAKE PALOURD,-91.09861,29.69306,2.0,America/Chicago,LA
ATP,Atlantis,-90.0269,27.1956,0.0,America/Chicago,LA
AUD,Audubon Park,-90.12989677,29.91700193,6.76615,America/Chicago,LA
BAD,BARKSDALE AFB,-93.66263,32.50193,51.0,America/Chicago,LA
BQP,Bastrop,-91.8805719,32.7560794,50.9,America/Chicago,LA
BTR,BATON ROUGE/RYAN,-91.14694,30.53722,21.0,America/Chicago,LA
WBF,Block WR29,-90.5,26.93,0.0,America/Chicago,LA
BXA,Bogalusa,-89.8649644,30.8136864,35.870052,America/Chicago,LA
BVE,BOOTHVILLE,-89.4075,29.33333,1.0,America/Chicago,LA
1B7,BOOTHVILLE/R L SUGGS HELIPORT,-89.43333,29.35,1.0,America/Chicago,LA
LNQ,Buras,-89.438,29.364,1.0,America/Chicago,LA
CVW,Cameron,-93.3,29.784,2.6456296,America/Chicago,LA
7R5,CAMERON HELIPORT,-93.3,29.78333,1.0,America/Chicago,LA
5R8,De Quincy,-93.4736111,30.4410833,27.579348,America/Chicago,LA
DRI,DE RIDDER/BEAUREGARD REGIONAL,-93.34,30.83,62.0,America/Chicago,LA
EHC,East Cameron,-92.878,28.429,0.0,America/Chicago,LA
EZP,East Cameron 321A ,-92.784,28.22,31.0,America/Chicago,LA
E12,East Cameron 345,-92.7,28.08333,0.0,America/Chicago,LA
CMB,East Cameron 47,-92.9792,29.4406,0.0,America/Chicago,LA
EIR,Eugene Island 215,-91.489,28.634,0.0,America/Chicago,LA
3B6,EUGENE ISLAND 330,-91.68,28.22,0.0,America/Chicago,LA
POE,FORT POLK (ARMY),-93.19164,31.04478,100.0,America/Chicago,LA
9F2,FOURCHON (SAWRS),-90.2,29.1,2.0,America/Chicago,LA
BKB,Fullerton - Fort Polk,-92.978051,31.09642366,103.07338,America/Chicago,LA
GAO,Galliano,-90.2611167,29.4448222,-0.39592367,America/Chicago,LA
2GL,GALLIANO HELIPRT,-90.288,29.409,3.0,America/Chicago,LA
AGI,Garden Banks,-92.44,27.546,41.0,America/Chicago,LA
SQE,GOMEX Ship Shoal 354,-90.819,28.083,-146.0,America/Chicago,LA
REG,Gonzale,-90.9333,30.1667,7.9862785,America/Chicago,LA
L38,Gonzales,-90.9406111,30.172722,1.642858,America/Chicago,LA
3L4,Grand Chenier,-92.804,29.8,4.7830763,America/Chicago,LA
AXO,GRAND ISLE (SAWRS),-89.96667,29.25,2.0,America/Chicago,LA
ANR,Green Canyon,-91.19,27.2264,0.0,America/Chicago,LA
XCN,GREEN_CANYON_184,-91.51667,27.76667,0.0,America/Chicago,LA
XER,Green Canyon 19,-90.9969,27.946,0.0,America/Chicago,LA
GRY,Green Canyon 338,-90.441,27.625,0.0,America/Chicago,LA
MKQ,Green Canyon 433,-90.0,27.52,0.0,America/Chicago,LA
TAH,Green Canyon 641,-90.71,27.33,65.0,America/Chicago,LA
HDC,HAMMOND MUNI AIRPORT,-90.42,30.52,13.0,America/Chicago,LA
XIH,High Island 179A,-94.521,29.18,0.0,America/Chicago,LA
H08,HIGH ISLAND 264C,-93.73333,28.46667,1.0,America/Chicago,LA
HUM,HOUMA-TERREBONNE,-90.66042,29.5665,3.0,America/Chicago,LA
IPN,Independence (GoM),-87.9858,28.085,0.0,America/Chicago,LA
7R4,INTRACOASTAL CITY,-92.13,29.78,5.0,America/Chicago,LA
3R7,Jennings,-92.6735,30.2427,5.5129023,America/Chicago,LA
LFT,Lafayette,-91.98956295,30.19859659,14.588288,America/Chicago,LA
LCH,Lake Charles,-93.2277037,30.12550085,4.7374153,America/Chicago,LA
CWF,Lake Charles - Chennault Intl,-93.14319,30.21059,4.0,America/Chicago,LA
GBK,Magnolia (GoM),-92.2025,27.2039,0.0,America/Chicago,LA
MZM,Main Pass 69P,-88.86161,29.294,1.0,America/Chicago,LA
3F3,Mansfield,-93.764,32.0717,99.33973,America/Chicago,LA
MKV,Marksville,-92.069,31.0946,23.0,America/Chicago,LA
MNE,Minden,-93.2980833,32.6460278,84.7,America/Chicago,LA
CYD,MISS CANYAN 807,-89.21667,28.16667,1.0,America/Chicago,LA
MDJ,Mississippi Canyon,-89.79417,28.6425,0.0,America/Chicago,LA
DSF,Mississippi Canyon 650,-88.2667,28.35,0.0,America/Chicago,LA
GLX,Mississippi Canyon 724,-88.99,28.23,55.0,America/Chicago,LA
ETO,Mississippi Canyon 941,-89.1,28.03,0.0,America/Chicago,LA
MLU,MONROE REGIONAL,-92.03769,32.51086,24.0,America/Chicago,LA
IER,NATTCHITOCHES REGIONAL AIRPORT,-93.09914,31.73572,37.0,America/Chicago,LA
ARA,New Iberia - Acadiana,-91.88452764,30.02918109,7.357297,America/Chicago,LA
7N0,New Orleans Downtown,-90.0827,29.9527,8.792443,America/Chicago,LA
NEW,NEW ORLEANS/LAKEFRO,-90.02825,30.04239,3.0,America/Chicago,LA
MSY,NEW ORLEANS/MOISANT,-90.2511,29.9933,9.0,America/Chicago,LA
NBG,NEW ORLEANS NAS,-90.035,29.8253,-6.0,America/Chicago,LA
HZR,New Roads,-91.4786667,30.7183056,10.88682,America/Chicago,LA
ACP,OAKDALE/ALLEN PARISH ARPT,-92.69,30.75,33.0,America/Chicago,LA
H78,Offshort,-88.48,28.18,0.0,America/Chicago,LA
4C0,Oil Platform,-93.18,29.78,1.0,America/Chicago,LA
OPL,Opelousas,-92.0994,30.5584,23.447739,America/Chicago,LA
PTN,PATTERSON MEMORIAL,-91.33898,29.70955,3.0,America/Chicago,LA
AQV,Peason Ridge - Ft Polk,-93.17605237,31.35691274,114.04607,America/Chicago,LA
QT8,PHI OIL PLATF,-92.43,27.53,1.0,America/Chicago,LA
QT9,PHI OIL PLATF,-90.63,27.78,1.0,America/Chicago,LA
XPY,Port Fourchon,-90.202,29.123,2.0,America/Chicago,LA
PBM,Powerball Murphy,-89.48999786,28.37,0.0,America/Chicago,LA
APS,Reserve,-90.5842,30.086,4.188735,America/Chicago,LA
RSN,Ruston,-92.5883333,32.5144444,95.0,America/Chicago,LA
VBS,Sabine 13B,-93.638333,29.47833,0.0,America/Chicago,LA
GHB,Salsa,-91.99,27.84,0.0,America/Chicago,LA
P92,Salt Point,-91.52502624,29.55903302,4.662723,America/Chicago,LA
DNK,SELF FLS/JRTK_FT_POLK ASOS,-93.15331,31.11061,113.0,America/Chicago,LA
GSM,SHIP SHOAL 207A,-90.98333,28.53333,1.0,America/Chicago,LA
SPR,Ship Shoal (GoM),-91.206,28.599,0.0,America/Chicago,LA
DTN,SHREVEPORT DOWNTOWN,-93.74502,32.54022,55.0,America/Chicago,LA
SHV,SHREVEPORT REGIONAL,-93.8244,32.4472,79.0,America/Chicago,LA
ASD,SLIDELL,-89.8222,30.3433,8.0,America/Chicago,LA
SCF,South Marsh 268,-91.8711111,29.115833,0.0,America/Chicago,LA
7R8,SOUTH MARSH ISLAND,-91.98333,28.3,1.0,America/Chicago,LA
SRN,SOUTH MARSH ISLAND BLOCK 268A,-91.86667,29.11667,0.0,America/Chicago,LA
MTK,South Pass 89E-B,-89.39583,28.69667,30.0,America/Chicago,LA
STZ,South Timbalier,-90.666,28.16,0.0,America/Chicago,LA
S58,SOUTH TIMBALIER,-90.58333,28.53333,1.0,America/Chicago,LA
OYE,South Timbalier 52B ,-90.49,28.87,-18.0,America/Chicago,LA
UXL,Sulphur,-93.3761111,30.1313889,3.0,America/Chicago,LA
JSL,Unnamed Oil Rig,-91.2567,26.2367,0.0,America/Chicago,LA
VNP,Vermillion 26,-92.368,29.467,4.0,America/Chicago,LA
VQT,Vermillion 331,-92.264,28.27,0.0,America/Chicago,LA
TVR,Vicksburg / Tallulah,-91.0299,32.3481,28.109251,America/Chicago,LA
0R4,Vidalia,-91.5065,31.562,14.531767,America/Chicago,LA
VOA,Viosca Knoll,-87.781,29.229,0.0,America/Chicago,LA
W60,W. CAMERON 560,-93.35,29.15,1.0,America/Chicago,LA
VKY,Zapata-Yorktowntlat,-88.441,29.248,0.0,America/Chicago,LA
BVY,BEVERLY MUNICIPAL,-70.91614,42.58414,33.0,America/New_York,MA
BOS,BOSTON/LOGAN INTL,-71.00973,42.36057,9.0,America/New_York,MA
CQX,CHATHAM MUNI ARPT,-69.99333,41.6875,19.0,America/New_York,MA
CEF,CHICOPEE/WESTOVER,-72.53478,42.19401,75.0,America/New_York,MA
MQE,EAST MILTON/BLUE HILL OBSERV,-71.11417,42.21207,200.0,America/New_York,MA
FIT,FITCHBURG,-71.75583,42.55194,106.0,America/New_York,MA
BED,HANSCOM FLD/BEDFORD,-71.28903,42.46995,41.0,America/New_York,MA
HYA,HYANNIS/POLANDO FLD,-70.28,41.67,16.0,America/New_York,MA
LWM,LAWRENCE MUNICIPAL,-71.12342,42.71719,45.0,America/New_York,MA
1B9,Mansfield,-71.198,42.0008,36.0,America/New_York,MA
GHG,Marshfield,-70.6721208,42.0982411,3.4,America/New_York,MA
MVY,MARTHAS VINEYARD,-70.615,41.39306,21.0,America/New_York,MA
ACK,NANTUCKET MEMORIAL,-70.06031,41.25311,15.0,America/New_York,MA
EWB,NEW BEDFORD MUNI,-70.95833,41.67639,24.0,America/New_York,MA
AQW,NORTH ADAMS,-73.17021,42.69622,476.0,America/New_York,MA
OWD,NORWOOD MEMORIAL,-71.17326,42.19123,15.0,America/New_York,MA
ORE,ORANGE (ASOS),-72.28861,42.57013,164.0,America/New_York,MA
FMH,OTIS ANGB,-70.5215,41.6585,40.0,America/New_York,MA
PSF,PITTSFIELD MUNI,-73.28917,42.42722,364.0,America/New_York,MA
PYM,PLYMOUTH MUNICIPAL,-70.72878,41.90903,45.0,America/New_York,MA
PVC,PROVINCETOWN (AWOS),-70.22,42.07,2.0,America/New_York,MA
TAN,TAUNTON MUNI AIRPORT,-71.02111,41.87556,13.0,America/New_York,MA
BAF,WESTFIELD/BARNES,-72.71611,42.15778,83.0,America/New_York,MA
ORH,Worcester,-71.87571,42.26734,308.0,America/New_York,MA
ADW,ANDREWS AFB,-76.867,38.81083,86.0,America/New_York,MD
NAK,Annapolis,-76.4891,38.9913,1.3335942,America/New_York,MD
DMH,BALTIMORE INNER HARBOR,-76.61,39.28,6.0,America/New_York,MD
MTN,BALTIMORE/MARTIN,-76.41378,39.32567,7.0,America/New_York,MD
BWI,Baltimore - Wash Intl,-76.68414363,39.17331653,42.0,America/New_York,MD
CGE,Cambridge,-76.0303992,38.5393244,5.8,America/New_York,MD
RSP,Camp David,-77.468,39.645,561.0,America/New_York,MD
0W3,Churchville,-76.202965,39.5682008,120.0,America/New_York,MD
CGS,College Park,-76.9223056,38.9805833,14.6,America/New_York,MD
CBE,Cumberland,-78.7608636,39.6154167,236.2,America/New_York,MD
ESN,Easton,-76.069,38.8041667,21.9,America/New_York,MD
FME,Fort Meade,-76.7594144,39.0853867,46.0,America/New_York,MD
FDK,FREDERICK MUNI APT,-77.37431,39.41758,92.0,America/New_York,MD
GAI,Gaithersburg,-77.166,39.1683333,164.3,America/New_York,MD
HGR,HAGERSTOWN REGIONAL,-77.72972,39.70778,215.0,America/New_York,MD
2W6,Leonardtown,-76.5501111,38.3153611,43.3,America/New_York,MD
2G4,Oakland,-79.3394167,39.5802778,894.0,America/New_York,MD
OXB,OCEAN CITY MUNI,-75.12389,38.30833,4.0,America/New_York,MD
NHK,PATUXENT RIVER NAS,-76.41178,38.28598,12.0,America/New_York,MD
APG,PHILLIPS AAF/ABERDN,-76.16881,39.46622,18.0,America/New_York,MD
RJD,Ridgely,-75.8663,38.9701,20.0,America/New_York,MD
SBY,SALISBURY REGIONAL,-75.5103,38.3405,16.0,America/New_York,MD
W29,Stevensville,-76.3296389,38.9763889,5.0,America/New_York,MD
NUI,St Inigoes,-76.4284722,38.146,6.7,America/New_York,MD
DMW,Westminster,-77.0076667,39.6082778,240.5,America/New_York,MD
LEW,AUBURN-LEWISTON,-70.28351,44.04847,88.0,America/New_York,ME
AUG,AUGUSTA STATE ARPT,-69.8,44.32,107.0,America/New_York,ME
BGR,BANGOR INTL ARPT,-68.82814,44.80744,59.0,America/New_York,ME
BHB,Bar Habor,-68.361291,44.449602,24.0,America/New_York,ME
BXM,Brunswick,-69.93882,43.8923,19.0,America/New_York,ME
NHZ,BRUNSWICK NAS,-69.93861,43.89222,23.0,America/New_York,ME
CAR,CARIBOU MUNICIPAL,-68.02,46.87,190.0,America/New_York,ME
40B,CLAYTON LAKE,-69.531,46.609,314.0,America/New_York,ME
EPM,EASTPORT,-67.01269,44.91011,14.0,America/New_York,ME
FVE,FRENCHVILLE,-68.31272,47.2855,301.0,America/New_York,ME
IZG,FRYEBERG,-70.94787,43.99114,138.0,America/New_York,ME
GNR,Greenville,-69.59528,45.46222,316.0,America/New_York,ME
HUL,HOULTON INTL ARPT,-67.79206,46.12308,150.0,America/New_York,ME
MLT,MILLINOCKET MUNI,-68.68556,45.64784,124.0,America/New_York,ME
OLD,OLD TOWN/DEWITT,-68.67433,44.9525,39.0,America/New_York,ME
PWM,PORTLAND INTL JET,-70.30442,43.64243,19.0,America/New_York,ME
PQI,PRESQUE ISLE (AWOS),-68.04481,46.68897,146.0,America/New_York,ME
8B0,Rangeley,-70.6646,44.9919,552.5081,America/New_York,ME
RKD,ROCKLAND/KNOX(AWOS),-69.09926,44.06007,17.0,America/New_York,ME
SFM,SANFORD MUNI (AWOS),-70.708,43.39386,74.0,America/New_York,ME
WVL,WATERVILLE (AWOS),-69.67553,44.53325,101.0,America/New_York,ME
IWI,WISCASSET,-69.71256,43.96142,21.0,America/New_York,ME
ADG,ADRIAN,-84.0773058,41.8676739,241.0,America/Detroit,MI
AMN,Alma,-84.6879492,43.3221425,229.8,America/Detroit,MI
APN,ALPENA,-83.56444,45.07167,210.0,America/Detroit,MI
ARB,ANN ARBOR,-83.73972,42.22396,251.0,America/Detroit,MI
BAX,BAD AXE,-82.98542,43.78022,234.0,America/Detroit,MI
BTL,BATTLE CREEK,-85.25148,42.30728,290.0,America/Detroit,MI
SJX,BEAVER ISLAND,-85.56661,45.69226,204.0,America/Detroit,MI
ACB,BELLAIRE,-85.19836,44.98858,190.0,America/Detroit,MI
BEH,BENTON HARBOR,-86.4285,42.12858,191.0,America/Detroit,MI
RQB,BIG RAPIDS,-85.50407,43.72263,302.0,America/Detroit,MI
BFA,Boyne Falls,-84.9241,45.1658,216.0,America/Detroit,MI
CAD,CADILLAC/WEXFORD,-85.41892,44.27533,398.0,America/Detroit,MI
CFS,Caro,-83.4454,43.4588,214.0,America/Detroit,MI
CVX,CHARLEVOIX,-85.27472,45.30472,204.0,America/Detroit,MI
FPK,CHARLOTTE,-84.81143,42.57451,272.0,America/Detroit,MI
SLH,CHEBOYGAN,-84.51927,45.65371,195.0,America/Detroit,MI
CIU,CHIPPEWA INTL,-84.47,46.25,244.0,America/Detroit,MI
OEB,COLDWATER,-85.0525,41.93333,292.0,America/Detroit,MI
P59,Copper Harbor,-87.875059,47.46741314,185.0,America/Detroit,MI
DET,DETROIT/CITY AIR,-83.00986,42.40919,190.0,America/Detroit,MI
ONZ,DETROIT/GROSSE I,-83.16147,42.09908,180.0,America/Detroit,MI
DTW,DETROIT/WAYNE,-83.33,42.23,195.0,America/Detroit,MI
YIP,DETROIT/WILLOW,-83.53041,42.23793,215.0,America/Detroit,MI
DRM,Drummond Island,-83.7439342,46.0093114,203.6,America/Detroit,MI
ESC,ESCANABA,-87.09372,45.72267,187.0,America/Detroit,MI
FNT,FLINT,-83.74944,42.96667,233.0,America/Detroit,MI
FKS,Frankfort,-86.20081,44.625219,193.0,America/Detroit,MI
FFX,Freemont,-85.9948889,43.4393056,235.3,America/Detroit,MI
GLR,GAYLORD,-84.70362,45.01354,407.0,America/Detroit,MI
GDW,Gladwin,-84.4750197,43.9705894,234.0,America/Detroit,MI
GRR,Grand Rapids,-85.5229853,42.88210929,240.0,America/Detroit,MI
GOV,GRAYLING AF,-84.73,44.68,353.0,America/Detroit,MI
SAW,GWINN/SAWYER AFB,-87.39536,46.35364,372.0,America/Detroit,MI
CMX,HANCOCK,-88.48906,47.16842,326.0,America/Detroit,MI
MGN,HARBOR SPRINGS,-84.91338,45.42557,209.0,America/Detroit,MI
JYM,HILLSDALE,-84.58576,41.92126,360.0,America/Detroit,MI
BIV,HOLLAND,-86.09667,42.74611,208.0,America/Detroit,MI
HTL,HOUGHTON LAKE,-84.67111,44.35981,351.0,America/Detroit,MI
OZW,HOWELL,-83.98219,42.62943,293.0,America/Detroit,MI
Y70,Ionia,-85.0605572,42.9379975,249.3,America/Detroit,MI
IMT,IRON MOUNTAIN,-88.11456,45.81836,349.0,America/Menominee,MI
IWD,IRONWOOD,-90.1314,46.52747,375.0,America/Menominee,MI
JXN,JACKSON/REYNOLDS,-84.4594,42.25979,305.0,America/Detroit,MI
AZO,KALAMAZOO,-85.55194,42.23472,272.0,America/Detroit,MI
DUH,LAMBERTVILLE,-83.65528,41.73583,204.0,America/Detroit,MI
LAN,Lansing,-84.58,42.78,264.0,America/Detroit,MI
D95,Lapeer,-83.2723,43.0666,253.03745,America/Detroit,MI
LDM,LUDINGTON/MASON,-86.40792,43.96253,197.0,America/Detroit,MI
MCD,MACKINAC ISLAND,-84.63722,45.865,226.0,America/Detroit,MI
MBL,MANISTEE,-86.24689,44.27247,189.0,America/Detroit,MI
ISQ,MANISTIQUE,-86.17183,45.97464,209.0,America/Detroit,MI
P75,MANISTIQUE,-86.23,45.95,178.0,America/Detroit,MI
RMY,MARSHALL,-84.95544,42.25119,287.0,America/Detroit,MI
TEW,MASON,-84.42319,42.56578,280.0,America/Detroit,MI
MNM,MENOMINEE,-87.63844,45.12665,191.0,America/Menominee,MI
IKW,Midland,-84.2613056,43.6629167,193.5,America/Detroit,MI
TTF,MONROE,-83.43467,41.93989,188.0,America/Detroit,MI
MOP,MOUNT PLEASANT,-84.73722,43.62167,230.0,America/Detroit,MI
P53,Munising,-86.6508,46.4119,182.38113,America/Detroit,MI
MKG,MUSKEGON,-86.23667,43.17111,191.0,America/Detroit,MI
ERY,NEWBERRY,-85.45722,46.31111,265.0,America/Detroit,MI
OSC,OSCODA/WURTSMITH,-83.39417,44.45153,193.0,America/Detroit,MI
RNP,Owosso,-84.1389,42.9929,224.0,America/Detroit,MI
PLN,PELLSTON,-84.79672,45.57092,217.0,America/Detroit,MI
PTK,PONTIAC,-83.42008,42.6655,299.0,America/Detroit,MI
P58,PORT HOPE,-82.79306,44.02194,179.0,America/Detroit,MI
PHN,PORT HURON,-82.52886,42.91097,198.0,America/Detroit,MI
PZQ,Rogers City,-83.8129,45.4071,204.0,America/Detroit,MI
MBS,SAGINAW,-84.08,43.53,202.0,America/Detroit,MI
HYX,SAGINAW/BROWNE,-83.86233,43.43342,183.0,America/Detroit,MI
ANJ,SAULT STE MARIE,-84.36839,46.47922,218.0,America/Detroit,MI
MTC,SELFRIDGE ANGB,-82.8355,42.60833,177.0,America/Detroit,MI
LWA,South Haven,-86.25614,42.35083,203.0,America/Detroit,MI
8D4,Sparta,-85.67913,43.1274375,228.0,America/Detroit,MI
IRS,STURGIS/KIRSCH,-85.43892,41.81333,282.0,America/Detroit,MI
HAI,Three Rivers,-85.5933889,41.95975,251.0,America/Detroit,MI
TVC,TRAVERSE CIT,-85.58236,44.74164,190.0,America/Detroit,MI
VLL,Troy,-83.1779,42.5429,222.0,America/Detroit,MI
Y31,West Branch,-84.1798,44.2448,261.81284,America/Detroit,MI
AIT,AITKIN NDB,-93.6768,46.54842,367.0,America/Chicago,MN
AEL,ALBERT LEA,-93.36725,43.68153,383.0,America/Chicago,MN
AXN,ALEXANDRIA,-95.39467,45.86631,433.0,America/Chicago,MN
AQP,APPLETON MUNICIP,-96.00433,45.22753,311.0,America/Chicago,MN
AUM,AUSTIN MUNI,-92.93333,43.66472,375.0,America/Chicago,MN
BDE,BAUDETTE,-94.61222,48.72844,329.0,America/Chicago,MN
BJI,BEMIDJI,-94.93372,47.50943,420.0,America/Chicago,MN
BBB,BENSON MUNI,-95.65056,45.33194,317.0,America/Chicago,MN
FOZ,BIGFORK,-93.65019,47.78283,411.0,America/Chicago,MN
BRD,BRAINERD,-94.13083,46.40472,372.0,America/Chicago,MN
CFE,Buffalo,-93.8433036,45.1590469,295.0,America/Chicago,MN
CBG,CAMBRIDGE MUNI,-93.26418,45.55749,287.0,America/Chicago,MN
CNB,Canby,-96.26603,44.7295,363.0,America/Chicago,MN
COQ,CLOQUET,-92.50361,46.70113,390.0,America/Chicago,MN
CQM,COOK MUNI AIRPOR,-92.68944,47.82194,404.0,America/Chicago,MN
CDD,CRANE LAKE,-92.483,48.266,350.0,America/Chicago,MN
CKN,CROOKSTON MUNI,-96.62139,47.84167,273.0,America/Chicago,MN
DTL,DETROIT LAKES,-95.88558,46.82517,426.0,America/Chicago,MN
TOB,DODGE CENTER,-92.8315,44.01803,398.0,America/Chicago,MN
DLH,DULUTH,-92.19364,46.84208,435.0,America/Chicago,MN
DYT,DULUTH (SKY HARB,-92.04344,46.72186,186.0,America/Chicago,MN
Y63,Elbow Lake,-95.9919986,45.98607,367.0,America/Chicago,MN
ELO,Ely,-91.83706672,47.82873049,434.0478,America/Chicago,MN
EVM,EVELETH MUNI,-92.49808,47.42511,421.0,America/Chicago,MN
FRM,FAIRMONT MUNI,-94.41561,43.64394,354.0,America/Chicago,MN
FBL,FARIBAULT MUNI,-93.31083,44.32469,322.0,America/Chicago,MN
FFM,FERGUS FALLS,-96.15669,46.28439,361.0,America/Chicago,MN
FGN,FLAG ISLAND,-94.90278,49.31833,328.0,America/Chicago,MN
FSE,FOSSTON,-95.7735,47.59282,389.0,America/Chicago,MN
GYL,GLENCOE,-94.08121,44.75604,302.0,America/Chicago,MN
GHW,GLENWOOD,-95.32043,45.64389,425.0,America/Chicago,MN
GNA,GRAND MARAIS,-90.34566,47.74534,185.0,America/Chicago,MN
CKC,GRAND MARAIS/COO,-90.38294,47.83833,548.0,America/Chicago,MN
GPZ,GRAND RAPIDS,-93.50972,47.21111,413.0,America/Chicago,MN
GDB,Granite Falls,-95.5560169,44.7532819,319.0,America/Chicago,MN
HCO,HALLOCK,-96.943,48.75273,250.0,America/Chicago,MN
HIB,HIBBING,-92.83897,47.38658,412.0,America/Chicago,MN
04W,Hinckley,-92.8951744,46.0228681,311.0,America/Chicago,MN
HCD,HUTCHINSON,-94.3825,44.85989,323.0,America/Chicago,MN
INL,International Falls,-93.3955519,48.55946773,350.14554,America/Chicago,MN
MJQ,JACKSON MUNI,-94.98655,43.65004,441.0,America/Chicago,MN
LJF,LITCHFIELD,-94.50725,45.09714,348.0,America/Chicago,MN
LXL,LITTLE FALLS,-94.34694,45.94917,351.0,America/Chicago,MN
14Y,Long Prairie,-94.8738639,45.8982569,406.0,America/Chicago,MN
XVG,LONGVILLE,-94.20389,46.99,407.0,America/Chicago,MN
LYV,Luverne,-96.2157858,43.6211683,436.0,America/Chicago,MN
DXX,MADISON,-96.17786,44.98644,330.0,America/Chicago,MN
3N8,Mahnomen,-95.9281,47.2605,375.21597,America/Chicago,MN
MKT,MANKATO,-93.92,44.22,311.0,America/Chicago,MN
MGG,MAPLE LAKE,-93.98559,45.23599,313.0,America/Chicago,MN
MML,MARSHALL/RYAN,-95.82,44.45,359.0,America/Chicago,MN
HZX,McGregor,-93.3098111,46.6187972,374.0,America/Chicago,MN
ANE,MINNEAPLS/BLAINE,-93.21019,45.14489,278.0,America/Chicago,MN
MSP,MINNEAPOLIS,-93.23131,44.88537,265.0,America/Chicago,MN
MIC,Minneapolis - Crystal,-93.351087,45.06224011,261.65143,America/Chicago,MN
FCM,Minneapolis - Flying Cloud,-93.46073029,44.82610411,270.76904,America/Chicago,MN
LVN,MNPLS/AIRLAKE,-93.22729,44.6252,293.0,America/Chicago,MN
MVE,MONTEVIDEO,-95.71025,44.96905,315.0,America/Chicago,MN
JKJ,MOORHEAD MUNI,-96.66403,46.83928,280.0,America/Chicago,MN
MZH,MOOSE LAKE,-92.80478,46.41861,328.0,America/Chicago,MN
JMR,MORA,-93.27178,45.8861,309.0,America/Chicago,MN
MOX,MORRIS MUNI,-95.96719,45.56597,344.0,America/Chicago,MN
ULM,NEW ULM MUNI,-94.5,44.32,308.0,America/Chicago,MN
OVL,OLIVIA,-95.03278,44.77861,328.0,America/Chicago,MN
ORB,ORR,-92.85605,48.01592,397.0,America/Chicago,MN
VVV,ORTONVILLE,-96.42442,45.30566,335.0,America/Chicago,MN
OWA,OWATONNA,-93.26056,44.12333,350.0,America/Chicago,MN
PKD,PARK RAPIDS,-95.07,46.9,442.0,America/Chicago,MN
PEX,Paynesville,-94.7465917,45.372325,360.0,America/Chicago,MN
PWC,PINE RIVER REGIO,-94.3817,46.72479,395.0,America/Chicago,MN
PQN,PIPESTONE,-96.30041,43.98213,529.0,America/Chicago,MN
FKA,PRESTON (AWOS),-92.17972,43.67667,389.0,America/Chicago,MN
PNM,PRINCETON MUNI,-93.60822,45.55987,298.0,America/Chicago,MN
RYM,Ray Miller Army Field,-94.35748788,46.08949422,345.2554,America/Chicago,MN
RGK,RED WING,-92.48678,44.59153,239.0,America/Chicago,MN
RWF,REDWOOD FALL,-95.082,44.54689,311.0,America/Chicago,MN
RST,ROCHESTER,-92.4916,43.9041,403.0,America/Chicago,MN
9MN,Rochester / St Mary,-92.48306,44.0197569,355.0,America/Chicago,MN
ROX,ROSEAU MUNI,-95.69708,48.856,323.0,America/Chicago,MN
ROS,RUSH CITY,-92.953,45.698,281.0,America/Chicago,MN
D39,Sauk Centre,-94.9333975,45.7065622,379.2,America/Chicago,MN
BFW,Silver Bay,-91.409828,47.252063,333.57104,America/Chicago,MN
DVP,Slayton,-95.7826111,43.9867917,495.0,America/Chicago,MN
SGS,SOUTH ST PAUL,-93.03286,44.85714,250.0,America/Chicago,MN
SYN,Stanton Airfield,-93.01448805,44.47362713,280.0,America/Chicago,MN
SAZ,STAPLES,-94.8066,46.38088,392.0,America/Chicago,MN
STC,ST. CLOUD,-94.0513,45.5433,314.0,America/Chicago,MN
JYG,ST. JAMES,-94.55794,43.98632,325.0,America/Chicago,MN
STP,ST. PAUL,-93.06,44.93447,219.0,America/Chicago,MN
21D,St Paul / Lake Elmo,-92.8556667,44.9975,284.4,America/Chicago,MN
TVF,THIEF RIVER,-96.185,48.06567,340.0,America/Chicago,MN
P61,TOFTE (RAMOS),-90.82307,47.58796,241.0,America/Chicago,MN
TKC,Tracy,-95.6072,44.2491,408.0,America/Chicago,MN
TWM,TWO HARBORS,-91.745,47.04917,328.0,America/Chicago,MN
ADC,WADENA MUNI,-95.21095,46.45027,418.0,America/Chicago,MN
Y49,Walker,-94.6453,47.1595,410.99466,America/Chicago,MN
RRT,WARROAD,-95.34833,48.94139,327.0,America/Chicago,MN
ACQ,WASECA (AWOS),-93.55294,44.07346,343.0,America/Chicago,MN
VWU,WASKISH MUNI,-94.51667,48.15389,360.0,America/Chicago,MN
ETH,WHEATON NDB,-96.54354,45.78046,313.0,America/Chicago,MN
BDH,Willmar,-95.1304,45.1177,247.0,America/Chicago,MN
ILL,WILLMAR/RICE,-95.08881,45.11568,344.0,America/Chicago,MN
MWM,WINDOM MUNI AIRP,-95.10941,43.9134,430.0,America/Chicago,MN
ONA,WINONA MUNI,-91.70832,44.07721,200.0,America/Chicago,MN
OTG,WORTHINGTON,-95.57919,43.65506,480.0,America/Chicago,MN
VER,Booneville,-92.6827,38.9467,218.0,America/Chicago,MO
BBG,Branson,-93.2005444,36.5320819,397.0,America/Chicago,MO
FWB,Branson West Muni,-93.4022,36.6985,393.81003,America/Chicago,MO
H21,Camdenton,-92.6911944,37.9739722,323.0,America/Chicago,MO
OZS,Camdenton,-92.6912,37.974,324.93677,America/Chicago,MO
EZZ,Cameron,-94.2764,39.7276,310.52643,America/Chicago,MO
CGI,CAPE GIRARDEAU,-89.57075,37.22532,102.0,America/Chicago,MO
CDJ,CHILLICOTHE,-93.57917,39.82333,234.0,America/Chicago,MO
GLY,Clinton,-93.6841769,38.3565731,250.5,America/Chicago,MO
COU,COLUMBIA,-92.2183,38.8169,271.0,America/Chicago,MO
FAM,FARMINGTON,-90.42861,37.76103,288.0,America/Chicago,MO
TBN,FORT LEONARD WOO,-92.14074,37.74163,353.0,America/Chicago,MO
HAE,Hannibal,-91.4438611,39.7251667,235.19081,America/Chicago,MO
LRY,Harrisonville,-94.3421,38.611,271.57797,America/Chicago,MO
JEF,JEFFERSON CITY,-92.15614,38.59118,168.0,America/Chicago,MO
JLN,Joplin,-94.4952,37.1522,293.32205,America/Chicago,MO
AIZ,KAISER MEM,-92.54949,38.09604,265.0,America/Chicago,MO
MKC,KANSAS CITY/DNTN,-94.593,39.123,227.0,America/Chicago,MO
MCI,KANSAS CITY/INTL,-94.71391,39.29761,320.0,America/Chicago,MO
TKX,Kennett,-90.0366411,36.2258619,78.21002,America/Chicago,MO
IRK,KIRKSVILLE,-92.54333,40.09722,293.0,America/Chicago,MO
LBO,Lebanon,-92.6524,37.6483,401.23248,America/Chicago,MO
LXT,Lee s Summit,-94.3713611,38.9596944,306.0,America/Chicago,MO
MAW,Malden,-89.9922,36.6005,88.33055,America/Chicago,MO
MHL,Marshall,-93.2028,39.0955,238.50627,America/Chicago,MO
EVU,Maryville,-94.915,40.3525,346.99048,America/Chicago,MO
MYJ,Mexico,-91.8183,39.1575,248.04445,America/Chicago,MO
MBY,Moberly,-92.4244,39.464,263.82602,America/Chicago,MO
HFJ,Monett,-94.0127583,36.9062153,400.5,America/Chicago,MO
GPH,Mosby,-94.3096389,39.3325,232.74814,America/Chicago,MO
PCD,Perryville,-89.8651,37.8667,110.893,America/Chicago,MO
K02,Perryville,-89.8621,37.8687,113.6775,America/Chicago,MO
POF,POPULAR BLUFF,-90.32486,36.77394,99.0,America/Chicago,MO
DMO,SEDALIA,-93.17591,38.70741,274.0,America/Chicago,MO
SIK,Sikeston,-89.5577,36.9027,92.40192,America/Chicago,MO
SGF,SPRINGFIELD,-93.3897,37.2397,390.0,America/Chicago,MO
SET,ST. CHARLES,-90.43,38.93,134.0,America/Chicago,MO
STJ,ST. JOSEPH,-94.90971,39.77194,247.0,America/Chicago,MO
STL,ST. LOUIS,-90.3734,38.75245,171.0,America/Chicago,MO
SUS,ST. LOUIS/SPIRIT,-90.65583,38.65722,141.0,America/Chicago,MO
UUV,Sullivan Regional,-91.1643,38.2335,281.0,America/Chicago,MO
VIH,VICHY/ROLLA,-91.77,38.13,333.0,America/Chicago,MO
RCM,Warrensburg,-93.8028611,38.7841667,243.0,America/Chicago,MO
RAW,Warsaw,-93.3454,38.3469,285.56042,America/Chicago,MO
FYG,Washington,-90.9938056,38.5875833,146.34282,America/Chicago,MO
UNO,WEST PLAINS,-91.90268,36.87843,372.0,America/Chicago,MO
SZL,WHITEMAN AFB,-93.54799,38.73029,265.0,America/Chicago,MO
M40,Aberdeen,-88.4897,33.8738,67.64834,America/Chicago,MS
PMU,Batesville,-89.8929,34.3635,65.71205,America/Chicago,MS
HSA,BAY_ST._LOUIS,-89.45461,30.36781,7.0,America/Chicago,MS
01M,Belmont,-88.2011,34.4917,173.01176,America/Chicago,MS
1R7,Brookhaven,-90.4093158,31.6058475,149.0,America/Chicago,MS
CKM,Clarksdale,-90.5123056,34.2997222,52.7,America/Chicago,MS
RNV,Cleveland,-90.7579,33.7611,41.995564,America/Chicago,MS
0R0,Columbia,-89.8128,31.297,78.9417,America/Chicago,MS
CBM,COLUMBUS AFB,-88.44383,33.64383,67.0,America/Chicago,MS
CRX,Corinth,-88.6035,34.915,129.0,America/Chicago,MS
GTR,GOLDEN TRI(AWOS),-88.59136,33.45033,80.0,America/Chicago,MS
GLH,GREENVILLE MUNI,-90.98561,33.48288,40.0,America/Chicago,MS
GWO,GREENWOOD/LEFLORE,-90.08471,33.49433,47.0,America/Chicago,MS
GNF,Grenada,-89.7982,33.8325,58.33205,America/Chicago,MS
GPT,GULFPORT-BILOXI,-89.0701,30.40727,9.0,America/Chicago,MS
HBG,HATTIESBURG MUNI,-89.25289,31.26494,46.0,America/Chicago,MS
IDL,Indianola,-90.6789,33.4857,37.0,America/Chicago,MS
MYT,Innovator (GoM),-89.615,28.2206,0.0,America/Chicago,MS
15M,Iuka,-88.1659,34.7723,183.0,America/Chicago,MS
HKS,JACKSON/HAWKINS FIELD,-90.22253,32.33478,104.0,America/Chicago,MS
JAN,JACKSON/THOMPSON,-90.08,32.32,101.0,America/Chicago,MS
BIX,KEESLER AFB/BILOXI,-88.92443,30.41043,10.0,America/Chicago,MS
LUL,Laurel,-89.1728,31.673,72.77247,America/Chicago,MS
LMS,Louisville - Winston,-89.0625,33.1462,174.0,America/Chicago,MS
MBO,Madison,-90.1014,32.4384,99.62559,America/Chicago,MS
MIS,Main Pass 140B,-88.842,29.296,32.0,America/Chicago,MS
MCB,MCCOMB/LEWIS FIELD,-90.47,31.18,126.0,America/Chicago,MS
MEI,MERIDIAN/KEY FIELD,-88.75107,32.33475,94.0,America/Chicago,MS
NMM,MERIDIAN NAS/MCCAIN,-88.55556,32.55208,97.0,America/Chicago,MS
NJW,Meridian Range,-88.8317,32.7962,162.77052,America/Chicago,MS
IKT,Nakika,-88.2889,28.5208,25.0,America/Chicago,MS
HEZ,NATCHEZ/HARDY(AWOS),-91.29734,31.61366,83.0,America/Chicago,MS
OLV,Olive Branch,-89.7868611,34.97875,122.5,America/Chicago,MS
UOX,Oxford,-89.5368056,34.3843333,137.8,America/Chicago,MS
PQL,PASCAGOULA,-88.53194,30.46361,5.0,America/Chicago,MS
MPE,Philadelphia,-89.126,32.799,137.0,America/Chicago,MS
MJD,Picayune,-89.6511944,30.4874722,16.35223,America/Chicago,MS
PIB,PINE BELT RGNL AWOS,-89.33706,31.46714,91.0,America/Chicago,MS
JVW,Raymond,-90.4105,32.3045,75.0,America/Chicago,MS
M16,Raymond,-90.4105278,32.3044722,75.3,America/Chicago,MS
STF,Starkville,-88.8486,33.4331,97.25019,America/Chicago,MS
UTA,TUNICA MUNICIPAL AIRPORT,-90.34667,34.68111,59.0,America/Chicago,MS
TUP,Tupelo,-88.77128708,34.26224874,103.0,America/Chicago,MS
VKS,Vicksburg,-90.92819,32.23913,30.116438,America/Chicago,MS
DLP,West Delta,-89.54722,29.12139,0.0,America/Chicago,MS
5A6,Winona,-89.7302,33.465,106.49329,America/Chicago,MS
3U3,Anaconda,-112.8678,46.1531,1524.888,America/Denver,MT
BHK,BAKER,-104.25945,46.34764,906.0,America/Denver,MT
00U,Big Horn County,-107.6604,45.7444,914.23517,America/Denver,MT
6S0,Big Timber,-109.9736,45.8063,1363.9315,America/Denver,MT
BIL,BILLINGS/LOGAN INTL,-108.5422,45.8069,1088.0,America/Denver,MT
BZN,BOZEMAN/GALLATIN,-111.16083,45.78806,1364.0,America/Denver,MT
BTM,BUTTE/BERT MOONEY,-112.49747,45.95481,1690.0,America/Denver,MT
S71,Chinook Edgar G Obie,-109.2506,48.5921,736.0,America/Denver,MT
CII,Choteau,-112.1683,47.8283,1200.3715,America/Denver,MT
4U6,Circle Town,-105.5619,47.4186,735.0,America/Denver,MT
M46,Colstrip,-106.7093,45.8528,1044.0,America/Denver,MT
S85,Culbertson - Big Sky Field,-104.5041,48.1533,589.507,America/Denver,MT
CTB,CUT BANK (AWOS),-112.37615,48.60835,1175.0,America/Denver,MT
38S,Deer Lodge,-112.7646,46.3867,1415.5457,America/Denver,MT
DLN,DILLON AIRPORT,-112.55251,45.25536,1597.0,America/Denver,MT
3DU,DRUMMOND,-113.15,46.66667,1202.0,America/Denver,MT
EKS,Ennis,-111.6486,45.2718,1630.2418,America/Denver,MT
88M,Eureka,-115.0764,48.9738,813.0,America/Denver,MT
1S3,Forsyth Tillitt Field,-106.6239,46.2712,831.0,America/Denver,MT
79S,Fort Benton,-110.6365,47.8451,874.0,America/Denver,MT
GGW,GLASGOW INTL ARPT,-106.6214,48.2138,700.0,America/Denver,MT
GDV,GLENDIVE(AWOS),-104.8072,47.13872,749.0,America/Denver,MT
1GM,Golf,-112.1,47.33,1320.7723,America/Denver,MT
MVH,Grassrange,-108.9368342,46.83807,1338.9896,America/Denver,MT
GTF,GREAT FALLS INTL,-111.3822,47.4733,1115.0,America/Denver,MT
HRF,Hamilton,-114.1246,46.254631,1098.9084,America/Denver,MT
HMM,HAMILTON/RAVALLI CO,-114.15,46.25,1110.0,America/Denver,MT
3HT,Harlowton,-109.84,46.42,1300.0,America/Denver,MT
HVR,Havre,-109.7633,48.5428,792.0,America/Denver,MT
HLN,HELENA REGIONAL,-111.9636,46.6056,1188.0,America/Denver,MT
JDN,JORDAN (RAMOS),-106.9475,47.32583,811.0,America/Denver,MT
GPI,KALISPELL,-114.2636,48.3042,908.0,America/Denver,MT
1KM,Kilo,-109.8,46.45,1319.7548,America/Denver,MT
6S8,Laurel,-108.7611,45.7031,1057.7766,America/Denver,MT
LWT,LEWISTOWN MUNICIPAL,-109.46669,47.04925,1270.0,America/Denver,MT
S59,Libby,-115.4902,48.2838,792.0,America/Denver,MT
1LM,Lima,-109.7333,46.7,1402.601,America/Denver,MT
LVM,LIVINGSTON/MISSION,-110.45,45.7,1419.0,America/Denver,MT
GFA,MALMSTROM AFB,-111.18733,47.50467,1075.0,America/Denver,MT
M75,Malta,-107.9179,48.3689,683.2729,America/Denver,MT
MLS,MILES CITY,-105.88625,46.42797,801.0,America/Denver,MT
MSO,MISSOULA/BELL FIELD,-114.0925,46.9208,972.0,America/Denver,MT
S34,Plains,-114.9071,47.4736,748.0,America/Denver,MT
PWD,Plentywood Sher-Wood,-104.5232,48.7886,680.1436,America/Denver,MT
PO1,Poplar,-105.1621,48.1344,617.0,America/Denver,MT
7S0,Ronanairport,-114.1001,47.5683,938.3832,America/Denver,MT
RPX,Roundup,-108.5434,46.475,1049.5825,America/Denver,MT
9S2,Scobey,-105.4361,48.8078,733.7632,America/Denver,MT
SBX,Shelby,-111.8712,48.5407,1045.0,America/Denver,MT
SDY,SIDNEY-RICHLAND,-104.19256,47.70686,605.0,America/Denver,MT
8S0,STARR-BROWNING AIRSTRIP AIRPORT,-113.11481,48.60136,1419.0,America/Denver,MT
3TH,Thompson Falls,-115.37,47.6,723.0,America/Denver,MT
THM,Thompson Falls,-115.2807,47.5735,749.23517,America/Denver,MT
9S5,Three Forks,-111.5619,45.8827,1244.9696,America/Denver,MT
RVF,Twin Bridges,-112.302277,45.5354167,1449.7709,America/Denver,MT
7S1,Twin Bridges,-112.3026,45.5338,1449.3833,America/Denver,MT
WYS,West Yellowstone,-111.1176389,44.6883889,2026.6,America/Denver,MT
WEY,WEST YELLOWSTONE,-111.1,44.65,2031.0,America/Denver,MT
7S6,White Sulphur Springs,-110.9133,46.5041,1530.5433,America/Denver,MT
OLF,WOLF POINT INTL,-105.57505,48.09452,605.0,America/Denver,MT
ASJ,AHOSKIE_TRI_COU,-77.17,36.3,21.0,America/New_York,NC
VUJ,ALBEMARLE,-80.1508,35.41669,186.0,America/New_York,NC
RHP,ANDREWS-MURPHY_AIRPORT,-83.86304,35.19523,518.0,America/New_York,NC
HBI,ASHEBORO_MUNI_ARPT,-79.89475,35.65453,205.0,America/New_York,NC
GEV,ASHE_COUNTY_ARPT,-81.42,36.43,969.0,America/New_York,NC
AVL,ASHEVILLE_MUNICIPAL_(ASOS),-82.5375,35.43194,661.0,America/New_York,NC
NJM,Bogue Field,-77.0294,34.694,3.163574,America/New_York,NC
BUY,BURLINGTON-ALAMANCE_REG_(ASOS),-79.47489,36.04854,188.0,America/New_York,NC
CLT,Charlotte / Douglas,-80.95431,35.22255,228.0,America/New_York,NC
NKT,CHERRY_POINT_MCAS,-76.88,34.9,9.0,America/New_York,NC
CTZ,CLINTON,-78.36444,34.97556,45.0,America/New_York,NC
CPC,COLUMBUS_CNTY_MUNI_ARPT,-78.71463,34.27529,30.0,America/New_York,NC
JQF,CONCORD,-80.70914,35.38777,210.0,America/New_York,NC
ONX,Currituck,-76.0154444,36.3999444,5.5,America/New_York,NC
2DP,Dare County Gunnery Range,-75.9,35.6667,0.3418498,America/New_York,NC
TQV,Durham - Duke North Heliport,-78.937333,36.0070389,120.0,America/New_York,NC
EDE,EDENTON_NORTHEA,-76.56709,36.02773,6.0,America/New_York,NC
ECG,Elizabeth City,-76.1716,36.2577,2.0,America/New_York,NC
EYF,ELIZABETHTOWN/CURTIS_BROWN_FIELD,-78.58,34.6,40.0,America/New_York,NC
7W6,Engelhard,-75.9552,35.5624,1.2678604,America/New_York,NC
HRJ,ERWIN/HARNETT_COUNTY_ARPT,-78.73361,35.37861,60.0,America/New_York,NC
FAY,Fayetteville,-78.88028,34.99122,56.0,America/New_York,NC
FBG,FORT_BRAGG/SIMMONS,-78.93669,35.13183,74.0,America/New_York,NC
1A5,FRANKLIN,-83.42,35.22,616.0,America/New_York,NC
AKH,GASTONIA_MCPL_(ASOS),-81.15583,35.19667,244.0,America/New_York,NC
GWW,GOLDSBORO-WAYNE_MUNI_ARPT,-77.96493,35.46056,41.0,America/New_York,NC
GSO,GREENSBORO/PIEDMONT_(ASOS),-79.94361,36.0975,270.0,America/New_York,NC
HSE,HATTERAS_(ASOS),-75.6225,35.23222,3.0,America/New_York,NC
HNZ,HENDERSON-OXFORD_ARPT,-78.53,36.36,161.0,America/New_York,NC
HKY,HICKORY_REGIONAL_(ASOS),-81.38955,35.74115,362.0,America/New_York,NC
OAJ,JACKSONVILLE_(AWOS),-77.61214,34.82916,29.0,America/New_York,NC
NR02,Jordan Field,-79.9956,35.2378,183.0,America/New_York,NC
DPL,KENANSVILLE/DUPLIN_COUNTY,-77.98,35.0,42.0,America/New_York,NC
FFA,KILL_DEVIL_HILLS,-75.67,36.02,4.0,America/New_York,NC
ISO,KINSTON/STALLINGS,-77.61,35.33,29.0,America/New_York,NC
MEB,LAURINBURG-MAXTON_ARPT_(ASOS),-79.36583,34.79194,67.0,America/New_York,NC
EXX,LEXINGTON_DAVIDSON_COUNTY_AIRP,-80.30378,35.78114,223.0,America/New_York,NC
IPJ,LINCOLNTON,-81.16125,35.48333,267.0,America/New_York,NC
LHZ,LOUISBURG/FRANKLIN_CNTY_ARPT,-78.33028,36.02333,113.0,America/New_York,NC
LBT,Lumberton,-79.06,34.61,38.0,America/New_York,NC
HFF,MACKALL_AAF,-79.4974,35.03666,115.0,America/New_York,NC
MQI,MANTEO/DARE_CO_RGNL,-75.69554,35.91898,4.0,America/New_York,NC
EQY,MONROE_AIRPORT_(ASOS),-80.62056,35.01694,207.0,America/New_York,NC
MRN,MORGANTON-LENOIR_AIRPORT,-81.61,35.82,387.0,America/New_York,NC
MWK,MOUNT_AIRY/SURRY_COUNTY_APRT,-80.55,36.46,380.0,America/New_York,NC
W40,Mount Olive,-78.0375,35.2225,51.0,America/New_York,NC
EWN,NEW_BERN/CRAVEN_CO_(ASOS),-77.04722,35.0675,6.0,America/New_York,NC
NCA,NEW_RIVER_MCAS,-77.43966,34.70842,8.0,America/New_York,NC
UKF,NORTH_WILKESBORO/WILKES_CNTY,-81.09834,36.22284,396.0,America/New_York,NC
NBT,Piney Island,-76.4625,35.0222,5.0,America/New_York,NC
PGV,PITT-GREENVILLE_APRT,-77.38531,35.63525,8.0,America/New_York,NC
POB,POPE_AFB,-79.01447,35.17088,66.0,America/New_York,NC
RDU,Raleigh / Durham,-78.7819,35.8922,117.95659,America/New_York,NC
SIF,Reidsville,-79.8510111,36.4372222,211.0,America/New_York,NC
IXA,Roanoke Rapids,-77.6352306,36.3297917,44.0,America/New_York,NC
RZZ,ROANOKE_RAPIDS_(ASOS),-77.71,36.44,77.0,America/New_York,NC
RCZ,ROCKINGHAM,-79.76,34.89,109.0,America/New_York,NC
RWI,ROCKY_MOUNT-WILSON_(ASOS),-77.89193,35.85625,48.0,America/New_York,NC
RUQ,ROWAN_COUNTY_AIRPORT,-80.52029,35.64589,236.0,America/New_York,NC
TDF,ROXBORO,-78.98423,36.28489,186.0,America/New_York,NC
FQD,RUTHERFORDTON,-81.93508,35.42822,329.0,America/New_York,NC
TTA,Sanford - Lee County,-79.1034,35.5764,73.0,America/New_York,NC
GSB,SEYMOUR-JOHNSON_AFB,-77.96059,35.33938,33.0,America/New_York,NC
EHO,SHELBY_MUNI_ARPT,-81.60111,35.25556,258.0,America/New_York,NC
SCR,Siler City,-79.5043,35.7043,180.53482,America/New_York,NC
5W8,Silver City,-79.5040306,35.7044639,183.00014,America/New_York,NC
JNX,SMITHFIELD,-78.39033,35.54094,50.0,America/New_York,NC
MRH,SMITH_FIELD/BEAUFORT_(ASOS),-76.6606,34.73355,3.0,America/New_York,NC
SOP,SOUTHERN_PINES_AWOS,-79.39111,35.23722,141.0,America/New_York,NC
SUT,SOUTHPORT/BRUNSWICK,-78.07472,33.92917,8.0,America/New_York,NC
SVH,STATESVILLE,-80.9539,35.765,294.0,America/New_York,NC
24A,Sylva,-83.2071,35.3159,851.58276,America/New_York,NC
ETC,Tarboro,-77.5465,35.9373,15.0,America/New_York,NC
AFP,Wadesboro,-80.0771111,35.0206389,91.4,America/New_York,NC
ACZ,Wallace,-78.0036,34.7179,10.0,America/New_York,NC
OCW,WASHINGTON/WARREN_FIELD_APRT,-77.05,35.57,12.0,America/New_York,NC
TNB,WATAUGA_CNTY_HOSP_HELIP,-81.65,36.2,959.0,America/New_York,NC
IGX,WILLIAMS_AIRPORT_(ASOS),-79.06417,35.93333,155.0,America/New_York,NC
MCZ,Williamston,-77.1782,35.8622,22.0,America/New_York,NC
ILM,Wilmington Intl,-77.9,34.27,10.0,America/New_York,NC
INT,WINSTON-SALEM/SMITH_(ASOS),-80.222,36.13372,296.0,America/New_York,NC
20U,Beach Beach,-103.9821,46.9252,840.0,America/Denver,ND
BIS,BISMARCK,-100.74575,46.77272,506.0,America/Chicago,ND
D09,Bottineau,-100.4173,48.83047,509.0,America/Chicago,ND
BWW,Bowman,-103.3007,46.1655,894.69574,America/Denver,ND
BPP,Bowman,-103.4280806,46.1869911,901.6,America/Denver,ND
9D7,Cando,-99.2364,48.48,451.0,America/Chicago,ND
46D,Carrington,-99.1513333,47.4511111,489.8,America/Chicago,ND
2C8,Cavalier,-97.632,48.7837,272.0,America/Chicago,ND
D50,Crosby,-103.2973,48.9285,594.0,America/Chicago,ND
DVL,DEVILS_LAKE,-98.90833,48.11458,443.0,America/Chicago,ND
DIK,DICKINSON,-102.80186,46.79733,789.0,America/Denver,ND
1EN,Echo (ryder),-101.67,47.75,640.0,America/Chicago,ND
FAR,FARGO,-96.81111,46.92528,274.0,America/Chicago,ND
N60,GARRISON,-101.43944,47.64583,587.0,America/Chicago,ND
D57,Glen Ullin,-101.8602,46.8128,633.1421,America/North_Dakota/New_Salem,ND
GAF,Grafton,-97.3709,48.4047,251.0,America/Chicago,ND
GFK,GRAND_FORKS,-97.17611,47.94925,257.0,America/Chicago,ND
RDR,GRAND_FORKS_AFB,-97.40119,47.9611,278.0,America/Chicago,ND
GWR,Gwinner,-97.6435,46.2187,385.0,America/Chicago,ND
5H4,Harvey,-99.93175,47.7912222,489.0,America/Chicago,ND
HZE,Hazen,-101.581,47.2899,552.0,America/North_Dakota/Beulah,ND
HEI,HETTINGER,-102.65597,46.01494,828.0,America/Denver,ND
JMS,JAMESTOWN,-98.68,46.93,457.0,America/Chicago,ND
1JN,Juliet,-101.89,48.41,672.0,America/Chicago,ND
9Y1,Killdeer,-102.770741,47.3927913,687.0,America/Denver,ND
D55,Langdon,-98.3937,48.7531,490.0,America/Chicago,ND
P67,LIDGERWOOD (RAMO,-97.15,46.1,351.0,America/Chicago,ND
1LN,Lima,-102.27,48.79,598.0,America/Chicago,ND
7L2,Linton,-100.2456,46.2206,541.0,America/Chicago,ND
Y19,Mandam,-100.8944,46.768,592.0,America/North_Dakota/New_Salem,ND
MIB,MINOT_AFB,-101.35804,48.41577,508.0,America/Chicago,ND
MOT,MINOT_INTL,-101.28033,48.25938,523.0,America/Chicago,ND
2D5,Oakes,-98.0798898,46.1731151,407.0,America/Chicago,ND
1ON,Oscar,-101.28,48.82,464.0,America/Chicago,ND
S32,Rands,-98.1059,47.4228,434.0,America/Chicago,ND
06D,Rolla,-99.6208,48.8844,555.0,America/Chicago,ND
RUG,Rugby,-100.0243,48.3904,471.0,America/Chicago,ND
08D,Stanley,-102.4064,48.3008,682.0,America/Chicago,ND
D60,Tioga,-102.8974,48.3803,690.0,America/Chicago,ND
BAC,Valley City,-98.0180182,46.9411851,427.3,America/Chicago,ND
BWP,Wahpeton,-96.6073608,46.2441086,294.7,America/Chicago,ND
96D,Walhalla,-97.9028,48.9406,287.0,America/Chicago,ND
S25,Watford,-103.2552,47.7966,642.0,America/Chicago,ND
ISN,WILLISTON,-103.6366,48.1738,581.0,America/Chicago,ND
XWA,Williston Basin,-103.7505,48.259722,710.85144,America/Chicago,ND
ANW,AINSWORTH MUNICI,-99.99297,42.57923,787.1129,America/Chicago,NE
BVN,Albion,-98.05576,41.72858,545.3605,America/Chicago,NE
AIA,ALLIANCE,-102.8,42.05722,1195.584,America/Denver,NE
AUH,AURORA,-97.99456,40.89414,546.414,America/Chicago,NE
BIE,BEATRICE MUNICIP,-96.75411,40.30128,398.8704,America/Chicago,NE
BTA,Blair,-96.10897,41.41481,396.51245,America/Chicago,NE
BBW,BROKEN BOW MUNI,-99.63853,41.43655,769.2679,America/Chicago,NE
CSB,Cambridge,-100.162,40.307,735.0,America/Chicago,NE
CDR,CHADRON,-103.09539,42.83756,999.0307,America/Denver,NE
OLU,COLUMBUS MUNI,-97.34264,41.448,438.3929,America/Chicago,NE
CZD,COZAD,-100.00425,40.86959,760.59845,America/Chicago,NE
FNB,FALLS CITY/BRENN,-95.59199,40.07879,303.68607,America/Chicago,NE
FET,FREMONT MUNI ARP,-96.52,41.45,362.0027,America/Chicago,NE
GRN,Gordon,-102.1753,42.806,1079.0,America/Denver,NE
GRI,GRAND ISLAND,-98.30964,40.96754,563.4602,America/Chicago,NE
GGF,Grant,-101.7329,40.8695,1043.0,America/Denver,NE
1HW,Gurley,-102.828892,41.32513,1261.6797,America/Denver,NE
1CW,Harrisburg,-103.6706,41.59002,1340.3248,America/Denver,NE
HSI,HASTINGS,-98.42789,40.60525,591.8408,America/Chicago,NE
HJH,Hebron,-97.5869722,40.15225,444.53418,America/Chicago,NE
HDE,HOLDREGE/BREWSTR,-99.33648,40.45209,706.7284,America/Chicago,NE
IML,IMPERIAL MUNICIP,-101.62015,40.51033,995.0,America/Denver,NE
EAR,KEARNEY MUNI,-99.00678,40.72703,649.639,America/Chicago,NE
IBM,Kimball,-103.6773889,41.1880556,1497.1047,America/Denver,NE
LXN,LEXINGTON,-99.77591,40.79042,730.4185,America/Chicago,NE
LNK,Lincoln,-96.763275,40.831178,352.0,America/Chicago,NE
1BW,Long Springs,-103.995,41.51175,1602.9132,America/Denver,NE
MCK,MCCOOK,-100.59208,40.20628,781.9591,America/Chicago,NE
MLE,MILLARD,-96.112,41.196,322.07217,America/Chicago,NE
AFK,NEBRASKA CITY,-95.86569,40.60689,351.55832,America/Chicago,NE
4V9,Neligh,-98.039777,42.11225,530.0,America/Chicago,NE
OFK,NORFOLK,-97.43511,41.98546,467.5179,America/Chicago,NE
LBF,North Platte,-100.66896,41.12191,843.90845,America/Chicago,NE
OFF,OFFUTT AFB/BELLE,-95.91251,41.11833,298.65878,America/Chicago,NE
OGA,OGALLALA,-101.76969,41.11947,992.2767,America/Denver,NE
OMA,OMAHA/EPPLEY,-95.89917,41.31028,295.66733,America/Chicago,NE
ONL,O NEILL,-98.68806,42.46972,616.82635,America/Chicago,NE
ODX,ORD/SHARP FIELD,-98.95167,41.62361,628.4149,America/Chicago,NE
PMV,Plattsmouth,-95.9178889,40.95025,365.22882,America/Chicago,NE
BFF,SCOTTSBLUFF,-103.59564,41.87403,1203.4902,America/Denver,NE
SNY,SIDNEY,-102.98472,41.10139,1303.8397,America/Denver,NE
TQE,TEKAMAH,-96.17794,41.76353,308.65692,America/Chicago,NE
TIF,Thedford,-100.56901,41.96217,887.2954,America/Chicago,NE
VTN,VALENTINE,-100.54894,42.85669,789.2385,America/Chicago,NE
AHQ,Wahoo,-96.594555,41.2406081,370.21875,America/Chicago,NE
LCG,Wayne,-96.9814167,42.2418889,432.5637,America/Chicago,NE
JYR,York,-97.6227778,40.89675,504.6396,America/Chicago,NE
BML,BERLIN MUNICIPAL,-71.17861,44.57611,353.0,America/New_York,NH
CON,CONCORD MUNICIPAL,-71.50111,43.19528,105.0,America/New_York,NH
AFN,JAFFREY MUNICIPAL,-72.00302,42.80513,317.0,America/New_York,NH
EEN,KEENE/DILLANT(AWOS),-72.27,42.9,149.0,America/New_York,NH
LCI,Laconia,-71.42154495,43.57348238,161.98643,America/New_York,NH
LEB,LEBANON MUNICIPAL,-72.30419,43.62611,182.0,America/New_York,NH
MHT,MANCHESTER AIRPARK,-71.43575,42.93281,71.0,America/New_York,NH
MWN,Mount Washington,-71.3035,44.2708,1910.0,America/New_York,NH
ASH,NASHUA/BOIRE FIELD,-71.51478,42.78175,61.0,America/New_York,NH
PSM,PEASE AFB/PORTSMOUT,-70.82328,43.07794,31.0,America/New_York,NH
1P1,Plymouth,-71.7536906,43.7792381,153.9,America/New_York,NH
DAW,ROCHESTER (WAS 6B1),-70.92,43.28,104.0,America/New_York,NH
HIE,Whitefield,-71.55216794,44.36594415,319.0,America/New_York,NH
12N,ANDOVER/AEROFLEX-ANDOVER AIRPORT,-74.73667,41.00889,178.0,America/New_York,NJ
ACY,ATLANTIC CITY INTL,-74.57717,39.45758,20.0,America/New_York,NJ
BLM,BELMAR-FARMDALE,-74.13,40.18,48.0,America/New_York,NJ
CDW,CALDWELL/ESSEX CO.,-74.28306,40.87639,53.0,America/New_York,NJ
NEL,LAKEHURST NAS,-74.35361,40.03338,31.0,America/New_York,NJ
LDJ,Linden,-74.2445942,40.6174472,7.0,America/New_York,NJ
WRI,MCGUIRE AFB,-74.59171,40.01558,41.0,America/New_York,NJ
MIV,MILLVILLE MUNICIPAL,-75.07833,39.36611,25.0,America/New_York,NJ
MMU,MORRISTOWN MUNI,-74.41487,40.79935,57.0,America/New_York,NJ
EWR,Newark Intl,-74.16932,40.68272,2.0,America/New_York,NJ
N40,Pittstown,-74.9877,40.57648,147.0,America/New_York,NJ
SMQ,Somerville,-74.66944,40.62389,32.0,America/New_York,NJ
VAY,SOUTH JERSEY REGIONAL AIRPORT,-74.84572,39.94289,16.0,America/New_York,NJ
FWN,SUSSEX_AIRPORT,-74.62305,41.20021,128.0,America/New_York,NJ
TEB,TETERBORO AIRPORT,-74.05616,40.85899,3.0,America/New_York,NJ
MJX,Toms River,-74.2923792,39.9274981,25.0,America/New_York,NJ
TTN,TRENTON/MERCER CO.,-74.81588,40.27682,65.0,America/New_York,NJ
WWD,WILDWOOD(AWOS),-74.90827,39.00851,7.0,America/New_York,NJ
ALM,ALAMOGORDO-WHITE,-105.99058,32.83994,1279.0,America/Denver,NM
AEG,ALBUQUERQUE/DOUBLE EAGLE II APT,-106.79517,35.14517,1779.0,America/Denver,NM
ABQ,ALBUQUERQUE INTL,-106.6155,35.0419,1620.0,America/Denver,NM
E80,Alexander,-106.8337,34.6452,1583.0,America/Denver,NM
AXX,Angel Fire,-105.289905,36.4220003,2554.0,America/Denver,NM
ATS,ARTESIA,-104.46769,32.85253,1081.0,America/Denver,NM
BRG,Belen,-106.836,34.646,1576.069,America/Denver,NM
CVS,CANNON AFB/CLOVIS,-103.32218,34.38285,1309.0,America/Denver,NM
CNM,CARLSBAD/CAVERN CTY,-104.26328,32.33747,1004.0,America/Denver,NM
E33,CHAMA,-106.58333,36.9,2393.0,America/Denver,NM
CAO,Clayton,-103.1539,36.4486,1515.0,America/Denver,NM
CQC,CLINES CORNERS,-105.66278,35.00278,2160.0,America/Denver,NM
CVN,Clovis Muni,-103.07928,34.42514,1284.0,America/Denver,NM
4CR,CORONA/LINCOLN,-105.68,34.1,1981.0,America/Denver,NM
DMN,DEMING MUNICIPAL,-107.72064,32.26231,1313.0,America/Denver,NM
5T6,DONA ANA COUNTY AT SANTA TERESA,-106.70481,31.88099,1253.0,America/Denver,NM
FMN,FARMINGTON REGIONAL,-108.22917,36.74361,1677.0,America/Denver,NM
GUP,GALLUP MUNI/CLARKE,-108.78931,35.51106,1972.0,America/Denver,NM
GNT,GRANTS-MILAN MUNI,-107.90206,35.16728,1987.0,America/Denver,NM
HBB,Hobbs,-103.2167,32.7667,1130.0,America/Denver,NM
HOB,HOBBS/LEA CO.,-103.21703,32.68753,1115.0,America/Denver,NM
HMN,HOLLOMAN AFB,-106.10854,32.85186,1248.0,America/Denver,NM
LRU,LAS CRUCES INTL,-106.92197,32.28942,1358.0,America/Denver,NM
LVS,LAS VEGAS MUNICIPAL,-105.14239,35.65422,2095.0,America/Denver,NM
LSB,Lordsburg,-108.6917389,32.3334639,1302.6345,America/Denver,NM
LAM,LOS ALAMOS,-106.26942,35.8798,2179.0,America/Denver,NM
M63,McGregor Range Base Camp,-106.15,32.07,1250.2603,America/Denver,NM
4MR,Melrose Gunary Ran,-103.8,34.3,1326.0,America/Denver,NM
0E0,Moriarty,-106.00947,34.98561,1889.0,America/Denver,NM
4MY,MORIARTY,-106.05,34.98333,1890.0,America/Denver,NM
N24,Questa,-105.6,36.8,2333.0,America/Denver,NM
RTN,RATON/CREWS FLD,-104.50218,36.74153,1935.0,America/Denver,NM
ROW,ROSWELL/INDUSTRIAL,-104.53,33.3,1118.0,America/Denver,NM
SRR,RUIDOSO REGIONAL,-105.53475,33.46285,2076.0,America/Denver,NM
SAF,SANTA FE CO. MUNI,-106.08942,35.61711,1934.0,America/Denver,NM
SXU,Santa Rosa,-104.6426,34.9357,1453.134,America/Denver,NM
DNA,Santa Teresa,-106.70325,31.8804444,1249.1587,America/Denver,NM
SVC,SILVER CITY/GRANT,-108.15639,32.63655,1659.0,America/Denver,NM
ONM,Socorro,-106.9031389,34.0224722,1485.9,America/Denver,NM
SKX,TAOS MUNI APT(AWOS),-105.67242,36.45817,2161.0,America/Denver,NM
4SL,TORREON,-107.18333,35.8,2106.0,America/Denver,NM
TCS,TRUTH OR CONSEQUENC,-107.26806,33.23667,1481.0,America/Denver,NM
TCC,TUCUMCARI MUNICIPAL,-103.60319,35.18278,1239.0,America/Denver,NM
XNI,Zuni,-108.93,35.0606,1940.0,America/Denver,NM
TMT,Austin,-117.1971,39.4643,1749.3367,America/Los_Angeles,NV
U31,AUSTIN,-117.08333,39.5,2014.0,America/Los_Angeles,NV
BAM,Battle Mountain,-116.8743,40.599,1382.3567,America/Los_Angeles,NV
B23,BATTLE MOUNTAIN,-116.86667,40.6,1381.0,America/Los_Angeles,NV
BVU,Boulder City,-114.8610967,35.9474803,671.0,America/Los_Angeles,NV
P38,Caliente,-114.52639,37.61222,1335.0,America/Los_Angeles,NV
CXP,Carson City,-119.7326,39.1923,1431.0,America/Los_Angeles,NV
EKO,ELKO,-115.78601,40.8242,1367.0,America/Los_Angeles,NV
ELY,ELY/YELLAND FLD,-114.84528,39.295,1909.0,America/Los_Angeles,NV
05U,Eureka,-116.0051,39.6042,1811.2307,America/Los_Angeles,NV
P68,EUREKA (RAMOS),-116.00556,39.60139,1993.0,America/Los_Angeles,NV
NFL,FALLON NAS,-118.70098,39.41658,1199.0,America/Los_Angeles,NV
HTH,Hawthorne,-118.6315,38.5448,1282.8909,America/Los_Angeles,NV
HND,Henderson,-115.13444,35.97286,742.7949,America/Los_Angeles,NV
INS,INDIAN SPRINGS,-115.67335,36.58718,955.0,America/Los_Angeles,NV
LAS,Las Vegas - Harry Reid Intl,-115.1634,36.0719,663.0,America/Los_Angeles,NV
LOL,Lovelock / Derby Field,-118.57008381,40.06842982,1192.4348,America/Los_Angeles,NV
DRA,MERCURY/DESERT ROCK,-116.0278,36.6206,1009.0,America/Los_Angeles,NV
MEV,Miden - Tahoe,-119.75,38.9963,1441.416,America/Los_Angeles,NV
LSV,NELLIS AFB,-115.03425,36.2362,570.0,America/Los_Angeles,NV
VGT,North Las Vegas,-115.19327,36.211082,667.0,America/Los_Angeles,NV
10U,Owyhee,-116.1876,41.9532,1637.0,America/Los_Angeles,NV
RTS,Reno,-119.8764,39.6682,1539.0,America/Los_Angeles,NV
RNO,Reno - Tahoe,-119.77111,39.48389,1345.0,America/Los_Angeles,NV
TPH,TONOPAH AIRPORT,-117.09043,38.05052,1654.0,America/Los_Angeles,NV
BJN,TONOPAH RANGE74,-116.26416,37.61421,1756.0,America/Los_Angeles,NV
9BB,WELLS,-114.96667,41.11667,1723.0,America/Los_Angeles,NV
AWH,WILDHORSE RES/ELKO,-115.784,41.666,1902.0,America/Los_Angeles,NV
WMC,WINNEMUCCA MUNI,-117.80722,40.90194,1315.0,America/Los_Angeles,NV
ALB,ALBANY COUNTY ARPT,-73.80361,42.75757,89.0,America/New_York,NY
GVQ,Batavia,-78.1675,43.0317,275.45084,America/New_York,NY
BGM,BINGHAMTON/BROOME,-75.97972,42.20856,497.0,America/New_York,NY
HWV,BROOKHAVEN AIRPORT/SHIRLEY,-72.86889,40.82167,25.0,America/New_York,NY
BUF,BUFFALO INTL ARPT,-78.7358,42.9408,215.0,America/New_York,NY
IUA,Canandaigua,-77.325226,42.9089019,244.59789,America/New_York,NY
N03,Cortland,-76.21736763,42.59290014,356.6352,America/New_York,NY
DSV,DANSVILLE MUNICIPAL,-77.71305,42.5709,209.0,America/New_York,NY
DKK,DUNKIRK AIRPORT,-79.27204,42.49334,203.0,America/New_York,NY
JPX,East Hampton,-72.25167,40.9594167,11.0,America/New_York,NY
HTO,EAST HAMPTON,-72.25,40.96,17.0,America/New_York,NY
ELM,Elmira / Corning,-76.89935488,42.15713124,287.12537,America/New_York,NY
FRG,FARMINGDALE/REPUBLC,-73.41341,40.72878,25.0,America/New_York,NY
GTB,FORT DRUM/WHEELER,-75.71946,44.05562,207.0,America/New_York,NY
GFL,GLEN FALLS/WARREN,-73.61031,43.34122,100.0,America/New_York,NY
RME,Griffiss AFB / Rome,-75.3952712,43.22386641,143.61661,America/New_York,NY
VGC,Hamilton,-75.5612,42.8434,342.82568,America/New_York,NY
ISP,ISLIP/MACARTHUR,-73.10167,40.79389,30.0,America/New_York,NY
ITH,Ithaca,-76.4584444,42.4910278,335.0,America/New_York,NY
JHW,JAMESTOWN (AWOS),-79.25803,42.15339,525.0,America/New_York,NY
NY0,Johnstown,-74.3296,42.9982,263.0099,America/New_York,NY
LKP,Lake Placid,-73.9618,44.264477,531.0,America/New_York,NY
JRB,Manhattan - Wall Street,-74.009,40.7012,0.0,America/New_York,NY
MSS,Massena - Richards,-74.848,44.9334,61.0,America/New_York,NY
MTP,MONTAUK AIRPORT,-71.92333,41.07306,6.0,America/New_York,NY
MSV,Monticello,-74.79503,41.70164,428.0,America/New_York,NY
SWF,NEWBURGH/STEWART,-74.10483,41.50411,150.0,America/New_York,NY
NYC,NEW YORK CITY,-73.96925,40.779,27.0,America/New_York,NY
JFK,NEW YORK/JF KENNEDY,-73.76222,40.63861,7.0,America/New_York,NY
LGA,New York/LaGuardia,-73.88028,40.77945,9.0,America/New_York,NY
IAG,NIAGARA FALLS INTL,-78.94619,43.10733,180.0,America/New_York,NY
OIC,Norwich,-75.5241,42.5666,306.802,America/New_York,NY
OGS,OGDENSBURG INTL,-75.4655,44.68186,91.0,America/New_York,NY
OLE,Olean,-78.3713889,42.24125,649.31976,America/New_York,NY
MGJ,ORANGE COUNTY AIRPORT,-74.265,41.50917,111.0,America/New_York,NY
FZY,Oswego County,-76.38313481,43.35039485,141.82646,America/New_York,NY
PEO,Penn Yan,-77.05285797,42.64407136,267.0,America/New_York,NY
PBG,Plattsburgh AFB,-73.46236789,44.63817704,46.954082,America/New_York,NY
PLB,PLATTSBURGH/CLINTON,-73.52452,44.68752,113.0,America/New_York,NY
PTD,Potsdam,-74.94685505,44.67570821,140.47034,America/New_York,NY
POU,POUGHKEEPSIE,-73.88419,41.62658,51.0,America/New_York,NY
ROC,ROCHESTER/MONROE CO,-77.6767,43.1167,169.0,America/New_York,NY
SLK,SARANAC LAKE/ADIRON,-74.20619,44.38531,507.0,America/New_York,NY
SCH,SCHENECTADY AIRPORT,-73.93,42.85,115.0,America/New_York,NY
6B9,Skaneateles,-76.4408,42.914,304.32452,America/New_York,NY
XNT,Springville - Bertrand Chaffee,-78.6580811,42.508395,423.819,America/New_York,NY
SYR,SYRACUSE/HANCOCK,-76.10631,43.11119,124.0,America/New_York,NY
UCA,UTICA/ONEIDA CO.,-75.38386,43.14511,226.0,America/New_York,NY
ART,WATERTOWN INTL ARPT,-76.0262,43.98883,99.0,America/New_York,NY
ELZ,Wellsville Municipal,-77.9842252,42.1077634,639.0,America/New_York,NY
FOK,WESTHAMPTON BEACH,-72.63179,40.84365,20.0,America/New_York,NY
HPN,WHITE PLAINS,-73.7075,41.06694,134.0,America/New_York,NY
SDC,Williamson,-77.1195,43.2346,127.86328,America/New_York,NY
AKR,Akron,-81.4669167,41.0375,325.0,America/New_York,OH
CAK,Akron / Canton,-81.4422,40.9161,374.0,America/New_York,OH
UNI,Albany,-82.2292537,39.2118914,233.5,America/New_York,OH
HZY,ASHTABULA,-80.69551,41.77797,276.0,America/New_York,OH
I69,Batavia,-84.2102,39.0784,252.27235,America/New_York,OH
EDJ,Bellefontaine,-83.81925,40.3722778,342.0,America/New_York,OH
TZR,BOLTON FIELD AIR,-83.13691,39.90117,276.0,America/New_York,OH
CDI,Cambridge,-81.5776,39.975,241.53487,America/New_York,OH
RZT,Chillicothe,-83.0231,39.4404,214.95998,America/New_York,OH
LUK,CINCINNAT/LUNKEN,-84.41861,39.10333,155.0,America/New_York,OH
CLE,CLEVELAND,-81.85278,41.405,233.0,America/New_York,OH
BKL,Cleveland Burke Lakefront,-81.6833,41.5175,178.0,America/New_York,OH
CGF,Cleveland - Cuyahoga County,-81.48636,41.56511,263.0,America/New_York,OH
CMH,COLUMBUS,-82.88083,39.99139,247.0,America/New_York,OH
OSU,COLUMBUS/ST UNIV,-83.08,40.08,280.0,America/New_York,OH
I40,Coshocton,-81.85,40.31,304.0,America/New_York,OH
GDK,Dayton,-83.9927778,39.6907222,282.0,America/New_York,OH
MGY,DAYTON,-84.22486,39.58897,289.0,America/New_York,OH
DAY,DAYTON,-84.21861,39.90611,305.0,America/New_York,OH
DFI,DEFIANCE,-84.42881,41.3375,219.0,America/New_York,OH
DLZ,Delaware,-83.1148,40.2797,287.0,America/New_York,OH
FDY,FINDLAY,-83.66861,41.01361,247.0,America/New_York,OH
S24,Fremont,-83.0372,41.2957,201.0,America/New_York,OH
HAO,HAMILTON,-84.52194,39.36375,188.0,America/New_York,OH
I67,Harrison,-84.7743,39.2589,176.48842,America/New_York,OH
JRO,Jackson,-82.5778497,38.9813603,218.0,America/New_York,OH
I43,Jackson,-82.5778,38.9814,215.57729,America/New_York,OH
I95,Kenton,-83.6436,40.6107,310.0,America/New_York,OH
LHQ,LANCASTER,-82.6571,39.75564,260.0,America/New_York,OH
I68,Lebanon,-84.2532,39.4664,272.75012,America/New_York,OH
AOH,LIMA,-84.02667,40.70694,296.0,America/New_York,OH
UYF,London,-83.462,39.9327,320.22623,America/New_York,OH
LPR,LORAIN/ELYRIA,-82.17944,41.34611,241.0,America/New_York,OH
MFD,MANSFIELD,-82.52,40.82,395.0,America/New_York,OH
MNN,MARION,-83.06347,40.61625,301.0,America/New_York,OH
MRT,Marysville,-83.3516111,40.2246944,311.2,America/New_York,OH
MWO,Middletown,-84.3953,39.531,198.0,America/New_York,OH
10G,Millersburg,-81.9544,40.5372,366.0,America/New_York,OH
4I3,Mount Vernon,-82.5260833,40.3289167,363.0,America/New_York,OH
VTA,NEWARK,-82.46181,40.02466,268.0,America/New_York,OH
PHD,NEW PHILADELPHIA,-81.42361,40.47194,272.0,America/New_York,OH
OWX,Ottawa,-83.982,41.0356,229.34503,America/New_York,OH
OXD,Oxford,-84.7844,39.5022,315.96912,America/New_York,OH
PCW,Port Clinton,-82.8687,41.5163,173.9386,America/New_York,OH
PMH,Portsmouth,-82.847305,38.840472,199.98329,America/New_York,OH
POV,Ravenna,-81.2516251,41.2101822,365.0,America/New_York,OH
29G,Ravenna,-81.2516251,41.2101822,365.0,America/New_York,OH
LCK,RICKENBACKER ANG,-82.92781,39.81378,227.0,America/New_York,OH
SGH,Springfield,-83.8401601,39.8402903,320.3,America/New_York,OH
2G2,Steubenville,-80.7001,40.3594,362.0,America/New_York,OH
TOL,Toledo,-83.80539,41.58704,205.0,America/New_York,OH
TDZ,TOLEDO,-83.47639,41.56306,189.0,America/New_York,OH
I74,Urbana,-83.7534,40.1326,320.1153,America/New_York,OH
VNW,Van Wert County,-84.613,40.8633,236.5094,America/New_York,OH
VES,Versailles,-84.5319167,40.2044167,306.9,America/New_York,OH
AXV,Wapakoneta,-84.2989,40.4934,274.3009,America/New_York,OH
I23,Washington Court House,-83.4205,39.5704,297.0,America/New_York,OH
USE,Wauseon,-84.1272,41.6101,234.91637,America/New_York,OH
EOP,Waverly,-82.9283,39.166972,201.0,America/New_York,OH
LNN,Willoughby,-81.3898,41.684,188.73222,America/New_York,OH
ILN,WILMINGTON,-83.82167,39.42028,322.0,America/New_York,OH
BJJ,WOOSTER,-81.88825,40.87483,343.0,America/New_York,OH
FFO,WRIGHT PATERSON,-84.04833,39.82611,251.0,America/New_York,OH
YNG,YOUNGSTOWN,-80.67389,41.25444,360.0,America/New_York,OH
ZZV,ZANESVILLE,-81.89209,39.94445,268.0,America/New_York,OH
ADH,ADA_MUNICIPAL_AIRPORT,-96.6712,34.80426,310.0,America/Chicago,OK
AXS,Altus,-99.3384722,34.6988056,436.8,America/Chicago,OK
LTS,ALTUS AFB,-99.26668,34.66707,420.0,America/Chicago,OK
AVK,ALVA RGNL AIRPORT,-98.66995,36.77317,449.0,America/Chicago,OK
1F0,ARDMORE DOWNTOWN EXEC AIRPORT,-97.12265,34.14699,257.0,America/Chicago,OK
ADM,ARDMORE MUNICIPAL,-97.0195,34.3032,232.0,America/Chicago,OK
AQR,ATOKA MUNI AIRPORT,-96.15,34.4,180.0,America/Chicago,OK
BVO,BARTLESVILLE/PHILLI,-96.01115,36.76248,218.0,America/Chicago,OK
BKN,Blackwell,-97.3495833,36.7451111,313.9,America/Chicago,OK
CQB,CHANDLER MUNI AIRPORT,-96.82027,35.72382,300.0,America/Chicago,OK
CHK,CHICKASHA MUNI AIRPORT,-97.96769,35.09736,351.0,America/Chicago,OK
GCM,CLAREMORE RGNL AIRPORT,-95.48,36.29,221.0,America/Chicago,OK
CLK,Clinton,-98.9326878,35.5382542,492.3,America/Chicago,OK
CSM,CLINTON-SHERMAN,-99.2005,35.33984,586.0,America/Chicago,OK
CUH,Cushing,-96.7730528,35.949925,279.0,America/Chicago,OK
DUA,DURANT,-96.39453,33.94227,213.0,America/Chicago,OK
ELK,Elk City,-99.3943,35.4308,605.0704,America/Chicago,OK
RQO,El Reno,-98.0057875,35.4726719,431.9,America/Chicago,OK
WDG,ENID/WOODRING MUNI,-97.7911,36.3792,356.0,America/Chicago,OK
FSI,FORT SILL,-98.40334,34.64493,362.0,America/Chicago,OK
FDR,Frederick,-98.98762218,34.35307654,378.0,America/Chicago,OK
GAG,GAGE/SHATTUCK,-99.77642,36.29554,678.0,America/Chicago,OK
GMJ,GROVE MUNI AIRPORT,-94.73856,36.60678,254.0,America/Chicago,OK
GOK,GUTHRIE,-97.41561,35.84981,326.0,America/Chicago,OK
GUY,GUYMON,-101.50528,36.68167,952.0,America/Chicago,OK
DUC,HALLIBURTON FIELD AIRPORT/DUNCAN,-97.96,34.47,339.0,America/Chicago,OK
HBR,HOBART MUNICIPAL,-99.05139,34.99131,477.0,America/Chicago,OK
HHW,Hugo,-95.5419,34.0348,170.11453,America/Chicago,OK
4O4,Idabel,-94.8594,33.9094,144.0,America/Chicago,OK
1K8,Ketchum,-95.0135278,36.5463611,234.0,America/Chicago,OK
LAW,LAWTON MUNICIPAL,-98.41664,34.56771,338.0,America/Chicago,OK
MLC,MC ALESTER REGIONAL,-95.78306,34.88222,235.0,America/Chicago,OK
MIO,Miami Municipal,-94.8875,36.9092,244.03398,America/Chicago,OK
MKO,MUSKOGEE/DAVIS FLD,-95.36139,35.65667,186.0,America/Chicago,OK
OUN,NORMAN/WESTHEIMER,-97.47077,35.24352,357.0,America/Chicago,OK
RCE,OKC - Yukon,-97.8235556,35.4880833,412.7,America/Chicago,OK
OKC,Oklahoma City,-97.6006,35.3889,397.0,America/Chicago,OK
HSD,Oklahoma City Sundance,-97.7092,35.6019,359.9652,America/Chicago,OK
PWA,OKLAHOMA CITY/WILEY,-97.64706,35.53417,396.0,America/Chicago,OK
OKM,OKMULGEE MUNI AIRPORT,-95.95,35.67,220.0,America/Chicago,OK
PVJ,PAULS VALLEY MUNI AIRPORT,-97.22306,34.71083,295.0,America/Chicago,OK
PNC,PONCA CITY MUNI,-97.1,36.73,307.0,America/Chicago,OK
H71,Pryor,-95.3301,36.2254,187.54639,America/Chicago,OK
RKR,ROBERT S KERR AIRPORT/POTEAU,-94.62,35.02,138.0,America/Chicago,OK
JSV,SALLISAW MUNI AIRPORT,-94.80278,35.43806,161.0,America/Chicago,OK
OWP,Sand Springs,-96.1518,36.1753,270.6337,America/Chicago,OK
SRE,Seminole,-96.6751619,35.2746781,312.0,America/Chicago,OK
SNL,SHAWNEE MUNI AIRPORT,-96.94283,35.35731,327.0,America/Chicago,OK
GZL,Stigler,-95.0938889,35.2891111,182.6,America/Chicago,OK
SWO,STILLWATER MUNI,-97.08569,36.16122,300.0,America/Chicago,OK
TQH,TAHLEQUAH MUNI,-95.0,35.93,266.0,America/Chicago,OK
TIK,TINKER AFB,-97.38663,35.41474,394.0,America/Chicago,OK
TUL,TULSA INTL ARPT(AW),-95.88811,36.19839,206.0,America/Chicago,OK
RVS,TULSA/LLOYD JONES,-95.98464,36.03961,193.0,America/Chicago,OK
END,VANCE AFB/ENID,-97.9165,36.33917,398.0,America/Chicago,OK
JWG,WATONGA,-98.42075,35.86469,472.0,America/Chicago,OK
OJA,Weatherford,-98.6684903,35.5448294,489.2,America/Chicago,OK
WWR,WEST WOODWARD,-99.52267,36.438,667.0,America/Chicago,OK
S12,Albany,-123.0594,44.6378,69.0,America/Los_Angeles,OR
AST,ASTORIA/CLATSOP,-123.8825,46.1569,7.0,America/Los_Angeles,OR
UAO,AURORA STATE,-122.77,45.25,60.0,America/Los_Angeles,OR
BKE,BAKER MUNICIPAL,-117.80914,44.83735,1027.0,America/Los_Angeles,OR
BDN,Bend,-121.2002222,44.0945556,1054.6,America/Los_Angeles,OR
BOK,Brookings,-124.2900939,42.0745556,139.9,America/Los_Angeles,OR
4BK,BROOKINGS,-124.28333,42.05,24.0,America/Los_Angeles,OR
BNO,BURNS MUNI (AMO,-118.9564,43.595,1271.0,America/Los_Angeles,OR
CZK,CASCADE LOCKS STATE,-121.87889,45.67694,46.0,America/Los_Angeles,OR
CVO,Corvallis Muni,-123.28953,44.49711,75.0,America/Los_Angeles,OR
77S,Creswell Hobby Field,-123.0067,43.9308,162.28636,America/Los_Angeles,OR
EUG,EUGENE/MAHLON SWEET,-123.21197,44.12458,114.0,America/Los_Angeles,OR
6S2,Florence,-124.1113687,43.9828168,15.5,America/Los_Angeles,OR
4S1,Gold Beach,-124.4249223,42.4152977,6.0,America/Los_Angeles,OR
3S8,Grants Pass,-123.3886,42.509,337.9127,America/Los_Angeles,OR
HRI,HERMISTON,-119.26111,45.82583,195.0,America/Los_Angeles,OR
4S2,Hood River,-121.5365,45.6726,186.21645,America/Los_Angeles,OR
GCD,John Day,-118.9625,44.4041667,1126.8,America/Los_Angeles,OR
JSY,Joseph State,-117.2538,45.3595,1246.3575,America/Los_Angeles,OR
LMT,KLAMATH FALLS/KINGS,-121.72417,42.14694,1247.0,America/Los_Angeles,OR
LGD,LA GRANDE (AWOS),-118.00711,45.29022,827.0,America/Los_Angeles,OR
LKV,LAKEVIEW (AWOS),-120.39908,42.16111,1441.0,America/Los_Angeles,OR
9S9,Lexington,-119.6903,45.4541,487.4669,America/Los_Angeles,OR
S33,Madras City,-121.1551,44.6702,736.2697,America/Los_Angeles,OR
MMV,MCMINNVILLE MUNICIPAL AIRPORT,-123.13607,45.19455,48.0,America/Los_Angeles,OR
MEH,Meacham,-118.42472,45.51139,1236.0,America/Los_Angeles,OR
MFR,MEDFORD/JACKSON CO.,-122.8722,42.3811,405.0,America/Los_Angeles,OR
JNW,NEWPORT,-124.06667,44.58333,48.0,America/Los_Angeles,OR
ONP,NEWPORT MUNICIP,-124.05792,44.58036,48.0,America/Los_Angeles,OR
OTH,North Bend,-124.243737,43.419462,2.1607084,America/Los_Angeles,OR
ONO,ONTARIO MUNICIPAL,-117.01278,44.02056,668.0,America/Boise,OR
PDT,PENDLETON MUNICIPAL,-118.84144,45.69506,456.0,America/Los_Angeles,OR
HIO,PORTLAND/HILLSBORO,-122.95019,45.54061,62.0,America/Los_Angeles,OR
PDX,PORTLAND INTL ARPT,-122.60028,45.59083,12.0,America/Los_Angeles,OR
TTD,Portland - Troutdale,-122.40983682,45.55101172,-0.15002128,America/Los_Angeles,OR
S39,Prineville,-120.9038,44.287,986.0,America/Los_Angeles,OR
RDM,REDMOND (AWOS),-121.15,44.25389,938.0,America/Los_Angeles,OR
REO,ROME,-117.86444,42.59056,1235.0,America/Boise,OR
RBG,ROSEBURG MUNICIPAL,-123.35586,43.23878,160.0,America/Los_Angeles,OR
SLE,SALEM/MCNARY,-123.0025,44.90953,61.0,America/Los_Angeles,OR
SPB,SCAPPOOSE INDUSTRIAL APK (1S4),-122.86,45.77,17.0,America/Los_Angeles,OR
SXT,Sexton Summit,-123.36417,42.60028,1171.0,America/Los_Angeles,OR
S21,Sunriver,-121.4531,43.8763,1267.1844,America/Los_Angeles,OR
TMK,Tillamook,-123.8143839,45.4182419,11.0,America/Los_Angeles,OR
XLL,Allentown,-75.4883056,40.5702778,122.0,America/New_York,PA
JVU,Allentown,-75.4883,40.5703,122.0,America/New_York,PA
ABE,ALLENTOWN-BETHLEHEM,-75.44917,40.65083,117.0,America/New_York,PA
AOO,ALTOONA/BLAIR CO.,-78.32003,40.29636,458.0,America/New_York,PA
BVI,BEAVER FALLS ARPT,-80.39144,40.77247,382.0,America/New_York,PA
HMZ,Bedford,-78.5122,40.0853,350.62582,America/New_York,PA
BFD,BRADFORD REGIONAL,-78.64012,41.80307,653.0,America/New_York,PA
BTP,BUTLER CO. (AWOS),-79.94972,40.77694,380.0,America/New_York,PA
FIG,CLEARFIELD-LAWRENCE APT(WAS N97),-78.41167,41.04667,462.0,America/New_York,PA
MQS,Coatesville,-75.8654722,39.9789722,201.2,America/New_York,PA
CTH,Coatesville,-75.865472,39.9789722,196.0,America/New_York,PA
VVS,Connellsville,-79.6575,39.9581,372.71487,America/New_York,PA
DYL,DOYLESTOWN AIRPORT,-75.12234,40.33305,120.0,America/New_York,PA
DUJ,DU BOIS (AWOS),-78.9,41.18,554.0,America/New_York,PA
ERI,ERIE INTL AIRPORT,-80.18,42.08,225.0,America/New_York,PA
RYT,Fountain Dale,-77.43,39.734,274.0,America/New_York,PA
FKL,FRANKLIN(AWOS),-79.86036,41.37787,469.0,America/New_York,PA
CXY,HARRISBURG/CAPITAL,-76.85147,40.21714,106.0,America/New_York,PA
HZL,Hazelton,-75.9949,40.9868,488.81073,America/New_York,PA
IDI,INDIANA/STEWART FLD,-79.10553,40.63222,429.0,America/New_York,PA
JST,JOHNSTOWN/CAMBRIA,-78.83394,40.31611,696.0,America/New_York,PA
LNS,LANCASTER,-76.29444,40.12028,123.0,America/New_York,PA
LBE,LATROBE/WESTMORLAND,-79.4048,40.27594,361.0,America/New_York,PA
22N,Lehighton,-75.7615,40.8095,158.07216,America/New_York,PA
XIF,Liberty - Raven Rock,-77.43,39.729,347.64053,America/New_York,PA
GKJ,MEADVILLE,-80.21472,41.62653,428.0,America/New_York,PA
MDT,MIDDLETOWN/OLMSTED,-76.76333,40.19361,94.0,America/New_York,PA
MPO,MT POCONO,-75.37944,41.13889,577.0,America/New_York,PA
MUI,MUIR AAF/INDIANTOWN,-76.56933,40.43483,149.0,America/New_York,PA
UCP,New Castle,-80.4133719,41.0253378,326.7,America/New_York,PA
CKZ,Perkasie,-75.2904722,40.3891944,165.06905,America/New_York,PA
PHL,Philadelphia Intl,-75.22662535,39.87335377,2.0,America/New_York,PA
PNE,PHILADELPHIA NE,-75.01335,40.0789,37.0,America/New_York,PA
LOM,PHILADELPHIA/WINGS FIELD,-75.26514,40.13756,92.0,America/New_York,PA
PSB,PHILIPSBURG/MID-ST,-78.08734,40.88439,594.0,America/New_York,PA
AGC,PITTSBURGH/ALLEGHEN,-79.92167,40.35472,382.0,America/New_York,PA
PIT,PITTSBURGH INTL,-80.23286,40.49147,373.0,America/New_York,PA
PTW,POTTSTOWN LIMERICK AIRPORT,-75.55722,40.23833,94.0,America/New_York,PA
ZER,Pottsville,-76.3731,40.7065,515.0,America/New_York,PA
UKT,QUAKERTOWN_ARPT,-75.38193,40.43521,160.0,America/New_York,PA
RDG,READING/SPAATZ FLD,-75.96525,40.3785,105.0,America/New_York,PA
RVL,Reedsville,-77.6268,40.6774,246.76106,America/New_York,PA
SEG,SELINSGROVE,-76.86389,40.82056,137.0,America/New_York,PA
N79,Shamokin,-76.5525,40.8369,262.0,America/New_York,PA
2G9,Somerset,-79.015,40.0389,679.9938,America/New_York,PA
UNV,STATE COLLEGE,-77.85,40.85,378.0,America/New_York,PA
OYM,St Marys,-78.5026,41.4125,579.1905,America/New_York,PA
THV,THOMASVILLE/YORK,-76.87303,39.917,148.0,America/New_York,PA
AFJ,Washington County,-80.28498285,40.13627663,357.0,America/New_York,PA
N38,Wellsboro,-77.3965,41.7279,572.8793,America/New_York,PA
OQN,West Chester,-75.5803,39.9889,139.3616,America/New_York,PA
AVP,Wilkes-Barre/Scranton,-75.72267,41.33347,290.0,America/New_York,PA
IPT,WILLIAMSPORT,-76.92167,41.24333,160.0,America/New_York,PA
NXX,WILLOW GROVE NAS,-75.15,40.2,110.0,America/New_York,PA
PJC,Zelienople,-80.1624,40.8009,272.68625,America/New_York,PA
BID,BLOCK ISLAND (AWOS),-71.58,41.17,33.0,America/New_York,RI
UUU,NEWPORT,-71.28154,41.53244,29.0,America/New_York,RI
OQU,N. KINGSTON/QUONSET,-71.41214,41.59714,6.0,America/New_York,RI
SFZ,PAWTUCKET (AWOS),-71.49138,41.92076,134.0,America/New_York,RI
PVD,PROVIDENCE/GREEN,-71.4325,41.7219,19.0,America/New_York,RI
WST,Westerly,-71.7989,41.3497,24.0,America/New_York,RI
AIK,Aiken,-81.6850363,33.6493758,160.9,America/New_York,SC
AQX,Allendale,-81.2703,32.9951,48.706158,America/New_York,SC
AND,ANDERSON CO AIRPORT,-82.70939,34.49458,238.0,America/New_York,SC
BNL,Barnwell,-81.3883333,33.2577778,75.0,America/New_York,SC
ARW,Beaufort,-80.6343542,32.4121611,3.0,America/New_York,SC
NBC,BEAUFORT MCAS,-80.72316,32.47741,12.0,America/New_York,SC
BBP,Bennettsville,-79.7343594,34.6217086,44.8,America/New_York,SC
CDN,Camden,-80.5648611,34.2835833,92.0,America/New_York,SC
CHS,Charleston,-80.0405,32.8986,10.024509,America/New_York,SC
JZI,Charleston Exec,-80.0029167,32.7008611,5.2,America/New_York,SC
CQW,Cheraw,-79.9570042,34.712875,72.8,America/New_York,SC
DCM,Chester,-81.1957778,34.7893333,199.9,America/New_York,SC
CEU,CLEMSON/OCONEE COUNTY,-82.88681,34.67192,272.0,America/New_York,SC
CAE,COLUMBIA METRO,-81.1181,33.9419,69.0,America/New_York,SC
CUB,COLUMBIA OWENS DOWNTOWN AIRPORT,-80.99377,33.97199,59.0,America/New_York,SC
HYW,Conway,-79.1221763,33.8284875,10.7,America/New_York,SC
UDG,DARLINGTON COUNTY JETPORT,-79.89,34.45,59.0,America/New_York,SC
FLO,FLORENCE REGIONAL,-79.72389,34.18536,45.0,America/New_York,SC
GGE,Georgetown,-79.3195833,33.3116944,11.9,America/New_York,SC
GYH,Greenville,-82.376415,34.7583192,291.0,America/New_York,SC
GMU,Greenville - Downtown,-82.349,34.8419,304.0,America/New_York,SC
GSP,Greenville - Spartanburg,-82.21251743,34.90613863,294.0,America/New_York,SC
GRD,GREENWOOD COUNTY AIRPORT,-82.16,34.25,192.0,America/New_York,SC
HVS,Hartsville,-80.1192222,34.4030833,110.9,America/New_York,SC
HXD,Hilton Head Island,-80.6975,32.2244,5.0,America/New_York,SC
CKI,Kingstree,-79.8569722,33.7172222,20.4,America/New_York,SC
LKR,Lancaster,-80.8544421,34.7229784,148.1,America/New_York,SC
LUX,Laurens,-81.9471944,34.5070556,212.4,America/New_York,SC
MNI,Manning,-80.2086667,33.5871111,31.4,America/New_York,SC
MAO,Marion,-79.3347222,34.1811667,28.0,America/New_York,SC
MMT,MCENTIRE ANG BASE,-80.8,33.92,77.0,America/New_York,SC
MKS,Moncks Corner,-80.03625,33.1855,22.3,America/New_York,SC
LRO,Mount Pleasant,-79.7828611,32.8978333,3.7,America/New_York,SC
MYR,MYRTLE BEACH(CIV),-78.93,33.68,8.0,America/New_York,SC
EOE,Newberry,-81.6397222,34.3092778,173.1,America/New_York,SC
XNO,North Air Force,-81.0701,33.6117,91.32398,America/New_York,SC
CRE,NORTH MYRTLE BEACH,-78.72394,33.81175,10.0,America/New_York,SC
OGB,ORANGEBURG,-80.8595,33.4568,60.0,America/New_York,SC
LQK,Pickens County,-82.7029,34.81,308.0,America/New_York,SC
3J1,Ridgeland,-80.993,32.49685,24.0,America/New_York,SC
UZA,ROCK HILL (WAS 29J),-81.05717,34.98783,202.0,America/New_York,SC
SSC,SHAW AFB/SUMTER,-80.47,33.97,74.0,America/New_York,SC
SPA,Spartanburg,-81.9565,34.9157222,244.1,America/New_York,SC
DYB,Summersville,-80.2793333,33.0634444,17.1,America/New_York,SC
SMS,Sumter,-80.3613289,33.9950256,55.5,America/New_York,SC
35A,Union,-81.6412,34.687,181.31224,America/New_York,SC
RBW,Walterboro,-80.6406111,32.921,30.8,America/New_York,SC
FDW,Winnsboro,-81.1088056,34.3154722,175.9,America/New_York,SC
ABR,ABERDEEN,-98.42,45.45,394.99753,America/Chicago,SD
EFC,BELLE FOURCHE,-103.86199,44.73421,966.0,America/Denver,SD
BTN,Britton,-97.7428,45.815027,397.85605,America/Chicago,SD
BKX,BROOKINGS,-96.81694,44.30483,490.28162,America/Chicago,SD
2WX,BUFFALO,-103.54639,45.60444,919.06866,America/Denver,SD
9V9,CHAMBERLAIN,-99.31833,43.76667,509.75662,America/Chicago,SD
CUT,CUSTER,-103.61139,43.73306,1686.81,America/Denver,SD
6E5,Desmet,-97.55816,44.4330475,526.0,America/Chicago,SD
RCA,ELLSWORTH AFB,-103.10357,44.14509,977.4339,America/Denver,SD
D07,FAITH,-102.02,45.03,778.5037,America/Denver,SD
0D8,Gettysburg,-99.9528,44.986611,628.0,America/Chicago,SD
HON,HURON,-98.22856,44.38519,384.37134,America/Chicago,SD
Y22,LEMMON,-102.16666,45.91666,771.00116,America/Denver,SD
LEM,LEMMON US12,-102.10618,45.9187,782.37494,America/Denver,SD
MDS,Madison,-97.0859333,44.0159722,520.79846,America/Chicago,SD
1D1,Milbank,-96.566,45.23049,342.0,America/Chicago,SD
MHE,MITCHELL,-98.03861,43.77483,395.72662,America/Chicago,SD
MBG,MOBRIDGE,-100.40778,45.54639,515.16785,America/Chicago,SD
98D,Onida,-100.1039,44.7014,570.0,America/Chicago,SD
PHP,PHILIP,-101.6,44.05,671.74414,America/Denver,SD
PIR,PIERRE,-100.28597,44.38269,522.0275,America/Chicago,SD
IEN,PINE RIDGE,-102.51101,43.02251,1008.83746,America/Denver,SD
RAP,RAPID CITY,-103.05736,44.04533,964.70654,America/Denver,SD
1D8,Redfield,-98.5295,44.8625,397.0,America/Chicago,SD
SUO,Rosebud,-100.8594936,43.2584572,823.0,America/Chicago,SD
FSD,SIOUX FALLS,-96.75361,43.57694,428.94208,America/Chicago,SD
8D3,SISSETON,-96.99139,45.66889,351.80692,America/Chicago,SD
SPF,Spearfish,-103.7829583,44.4803222,1186.1672,America/Denver,SD
49B,Sturgis,-103.3777239,44.418677,985.0,America/Denver,SD
VMR,Vermillion,-96.93425,42.7652778,349.0,America/Chicago,SD
AGZ,Wagner,-98.2963,43.0641,447.0,America/Chicago,SD
ATY,WATERTOWN,-97.15472,44.91397,525.8819,America/Chicago,SD
SFD,Winner,-99.8421,43.3902,612.30695,America/Chicago,SD
ICR,WINNER,-99.84217,43.39026,611.9321,America/Chicago,SD
YKN,YANKTON,-97.38594,42.91669,389.5385,America/Chicago,SD
MMI,Athens,-84.5626,35.3973,245.04639,America/New_York,TN
M08,Bolivar,-89.0434,35.2145,149.5601,America/Chicago,TN
TRI,BRISTOL/TRI-CITY,-82.40742,36.47522,463.0,America/New_York,TN
CHA,CHATTANOOGA/LOVELL,-85.20381,35.03528,210.0,America/New_York,TN
CKV,CLARKSVILLE/OUTLAW,-87.41495,36.62188,168.0,America/Chicago,TN
RZR,Cleveland,-84.7998,35.2115,242.88419,America/New_York,TN
MRC,Columbia,-87.1791,35.5544,200.75005,America/Chicago,TN
M04,Covington,-89.5872,35.5834,81.61184,America/Chicago,TN
CSV,CROSSVILLE MEMORIAL,-85.08498,35.95129,573.0,America/Chicago,TN
2A0,Dayton,-84.9322,35.4817,214.8747,America/New_York,TN
M02,Dickson,-87.4298333,36.1279444,262.0,America/Chicago,TN
DYR,DYERSBURG(AWOS),-89.40658,35.99797,103.0,America/Chicago,TN
0A9,Elizabethton,-82.1734167,36.3712222,486.0,America/New_York,TN
UCY,Everett-Stewart,-88.9857,36.3797,97.541595,America/Chicago,TN
FYM,Fayetteville,-86.564,35.0597,296.0,America/Chicago,TN
EOD,Fort Campbell,-87.48145,36.5676526,178.0,America/Chicago,TN
M33,Gallatin,-86.4088,36.3768,170.0,America/Chicago,TN
GCY,Greenville,-82.8109908,36.1960129,487.0846,America/New_York,TN
HZD,Huntingdon,-88.4654,36.089,142.96805,America/Chicago,TN
JAU,Jacksboro,-84.163,36.3341,349.91208,America/New_York,TN
MKL,JACKSON/MCKELLAR,-88.91667,35.59306,132.0,America/Chicago,TN
JWN,John C Tune,-86.8867,36.1824,147.0,America/Chicago,TN
DKX,Knoxville Downtown,-83.8737,35.9638,251.1181,America/New_York,TN
TYS,KNOXVILLE MUNICIPAL,-83.9858,35.8181,299.0,America/New_York,TN
2M2,Lawrenceburg,-87.2579,35.2343,281.34207,America/Chicago,TN
M54,Lebanon,-86.3157,36.1904,171.0,America/Chicago,TN
PVE,Levington - Parson Beech River,-88.1954,35.6564,153.90102,America/Chicago,TN
LUG,Lewisburg-Ellington,-86.803,35.5136,217.0,America/Chicago,TN
8A3,Livingston,-85.3116,36.4121,409.0,America/Chicago,TN
MNV,Madisonville,-84.3804,35.5452,306.08548,America/New_York,TN
RNC,Mc Minnville,-85.8438172,35.6987094,309.0,America/Chicago,TN
M01,Memphis - General Dewitt Spain,-90.054,35.2007,68.0,America/Chicago,TN
MEM,MEMPHIS INTL ARPT,-89.985,35.06111,87.0,America/Chicago,TN
NQA,MEMPHIS NAS,-89.87028,35.35667,98.0,America/Chicago,TN
2M8,Millington,-89.9315,35.279,74.0,America/Chicago,TN
MOR,Morristown Moore-Murrell,-83.3754,36.1794,392.4397,America/New_York,TN
MBT,Murfreesboro,-86.3775,35.8775,187.0,America/Chicago,TN
BNA,NASHVILLE METRO,-86.68917,36.11889,180.0,America/Chicago,TN
OQT,OAK RIDGE,-84.23362,36.02304,277.0,America/New_York,TN
SCX,Oneida Scott,-84.5858,36.4557,462.0712,America/New_York,TN
PHT,Paris,-88.3844,36.3359,173.78418,America/Chicago,TN
1M5,Portland,-86.4769,36.5929,244.0,America/Chicago,TN
GZS,Pulaski,-87.0568,35.1537,200.87474,America/Chicago,TN
RKW,Rockwood,-84.6897,35.9223,504.0,America/Chicago,TN
SNH,Savannah,-88.2167,35.1703,141.1841,America/Chicago,TN
GKT,Sevierville,-83.5287,35.8578,301.31348,America/New_York,TN
SYI,Shelbyville,-86.4425,35.5594,243.0,America/Chicago,TN
SZY,Sibley,-88.4984,35.2029,182.92949,America/Chicago,TN
MQY,SMYRNA,-86.52008,36.00897,166.0,America/Chicago,TN
FYE,Somerville,-89.3929,35.2061,132.87497,America/Chicago,TN
SRB,Sparta,-85.5307,36.0559,307.91287,America/Chicago,TN
M91,Springfield,-86.9189,36.5363,211.10802,America/Chicago,TN
XNX,Sumner,-86.4084,36.3751,167.91992,America/Chicago,TN
THA,Tullahoma,-86.2467,35.38,330.0,America/Chicago,TN
BGF,Winchester,-86.0661667,35.1775278,296.0,America/Chicago,TN
ABI,Abilene,-99.68208563,32.41062851,544.9975,America/Chicago,TX
GYF,Alaminos Canyon Block 857,-94.898,26.129,65.0,America/Chicago,TX
ALI,ALICE INTL AIRPORT,-98.02694,27.74089,54.0,America/Chicago,TX
E38,ALPINE,-103.684,30.384,1376.0,America/Chicago,TX
AMA,Amarillo - Rick Husband Intl,-101.70592,35.21936,1099.0,America/Chicago,TX
E11,Andews,-102.5295,32.3311,963.14166,America/Chicago,TX
LBX,ANGLETON/LAKE JACKS,-95.46208,29.10864,8.0,America/Chicago,TX
GKY,ARLINGTON (WAS F54),-97.09428,32.66386,192.0,America/Chicago,TX
F44,Athens,-95.8283531,32.1638478,135.39607,America/Chicago,TX
ATA,Atlanta,-94.1953,33.1018,81.0,America/Chicago,TX
EDC,Austin,-97.56213,30.39255,187.5,America/Chicago,TX
BSM,Austin - Bergstrom AFB (BSM),-97.6699,30.1945,148.70668,America/Chicago,TX
AUS,Austin Bergstrom Intl,-97.67987,30.18304,146.0,America/Chicago,TX
ATT,Austin - City/Camp Mabry,-97.76042175,30.3208073,203.0,America/Chicago,TX
BYY,BAY_CITY,-95.86344,28.97325,14.0,America/Chicago,TX
BMT,Beaumont,-94.2150967,30.0702044,9.8,America/Chicago,TX
BPT,Beaumont - Port Arthur,-94.02613689,29.95206372,4.5784636,America/Chicago,TX
BEA,Beeville,-97.7910296,28.3618701,81.7,America/Chicago,TX
E41,Big Lake Reagan,-101.4725,31.1989,818.1197,America/Chicago,TX
BPG,BIG_SPRING,-101.52164,32.21261,784.0,America/Chicago,TX
F00,Bonham,-96.1793,33.6131,189.55844,America/Chicago,TX
VAF,Boomvang,-94.6253,27.3536,0.0,America/Chicago,TX
BGD,BORGER/HUTCHINSON,-101.39366,35.70089,931.0,America/Chicago,TX
0F2,Bowie,-97.77556,33.6016667,335.6,America/Chicago,TX
BBD,Brady,-99.3239267,31.1792883,557.0,America/Chicago,TX
CFD,Brazos,-96.3314,30.7157,102.43148,America/Chicago,TX
BBF,Brazos 133,-96.014,27.833,0.0,America/Chicago,TX
BQX,Brazos 451,-95.7244,28.4936,0.0,America/Chicago,TX
BKD,Breckenridge,-98.8909997,32.7190469,391.4,America/Chicago,TX
11R,BRENHAM_MUNICIPAL_APT,-96.37417,30.21889,94.0,America/Chicago,TX
XBP,Bridgeport,-97.8283889,33.1753333,259.7,America/Chicago,TX
BRO,BROWNSVILLE INTL,-97.42313,25.91461,6.0,America/Chicago,TX
BWD,BROWNWOOD MUNICIPAL,-98.9565,31.79361,422.0,America/Chicago,TX
BMQ,BURNET MUNICIPAL/KATE CRADDOCK,-98.23861,30.73893,389.0,America/Chicago,TX
RWV,Caldwell,-96.7040858,30.5154743,119.0,America/Chicago,TX
T35,Cameron,-96.9710969,30.8793556,124.16077,America/Chicago,TX
HHF,CANADIAN,-100.404,35.895,730.0,America/Chicago,TX
FTN,Carrizo Springs,-100.0188,28.2086,236.0,America/Chicago,TX
CZT,Carrizo Springs,-99.8236,28.5222,178.27155,America/Chicago,TX
4F2,Carthage,-94.2988,32.176,75.229965,America/Chicago,TX
T89,Castroville,-98.8509,29.3419,232.19913,America/Chicago,TX
CVB,Castroville,-98.8509006,29.3419208,235.0,America/Chicago,TX
F17,Center,-94.1564,31.8316,95.238235,America/Chicago,TX
CDS,CHILDRESS MUNICIPAL,-100.28806,34.43389,595.0,America/Chicago,TX
GZN,Cisco,-99.0237,32.3658,523.0639,America/Chicago,TX
LBR,CLARKSVILLE,-95.06356,33.59316,134.0,America/Chicago,TX
CPT,CLEBURNE,-97.43375,32.35375,260.0,America/Chicago,TX
6R3,Cleveland,-95.008,30.35644,45.7,America/Chicago,TX
COM,Coleman,-99.4036111,31.8411389,517.2,America/Chicago,TX
CLL,COLLEGE STATION,-96.36389,30.58806,98.0,America/Chicago,TX
66R,Columbus,-96.5158,29.6411,74.3404,America/Chicago,TX
MKN,COMANCHE COUNTY/CITY ARPT,-98.6,31.92,423.0,America/Chicago,TX
CXO,CONROE/MONTGOMERY COUNTY AIRPORT,-95.41453,30.35236,75.0,America/Chicago,TX
CRP,CORPUS CHRISTI INTL,-97.51278,27.77306,13.0,America/Chicago,TX
NGP,CORPUS CHRISTI NAS,-97.29109,27.69263,6.0,America/Chicago,TX
CRS,CORSICANA,-96.4,32.03,137.0,America/Chicago,TX
COT,COTULLA MUNICIPAL,-99.21833,28.45667,144.0,America/Chicago,TX
DKR,Crocket,-95.4038306,31.3069611,106.1,America/Chicago,TX
DHT,DALHART MUNICIPAL,-102.54728,36.02259,1216.0,America/Chicago,TX
ADS,DALLAS/ADDISON ARPT,-96.83645,32.96856,196.0,America/Chicago,TX
DFW,DALLAS/FT WORTH,-97.038,32.89683,182.0,America/Chicago,TX
DAL,DALLAS/LOVE FIELD,-96.85178,32.84711,148.0,America/Chicago,TX
RBD,DALLAS/REDBIRD ARPT,-96.87,32.68,201.0,America/Chicago,TX
LUD,DECATUR,-97.5805,33.25425,319.0,America/Chicago,TX
DRT,DEL RIO INTL (AUT),-100.92716,29.37421,307.0,America/Chicago,TX
DTO,Denton,-97.2006,33.205,200.71758,America/Chicago,TX
E57,Denver City,-102.84,32.97465,1088.0,America/Chicago,TX
6R6,DRYDEN,-102.21291,30.04602,702.0,America/Chicago,TX
DUX,DUMAS,-102.013,35.858,1129.0,America/Chicago,TX
DYS,DYESS AFB/ABILENE,-99.855,32.421,545.0,America/Chicago,TX
ELA,Eagle Lake,-96.3219,29.6006,56.802055,America/Chicago,TX
EMK,East Breaks (GoM),-94.3228,27.8186,0.0,America/Chicago,TX
ETN,Eastland,-98.8098,32.4135,444.62585,America/Chicago,TX
EBG,EDINBURG,-98.12222,26.44167,24.0,America/Chicago,TX
ELP,EL PASO INTL ARPT,-106.37583,31.81111,1194.0,America/Denver,TX
E35,Fabens,-106.14706,31.517197,1114.0,America/Denver,TX
BKS,FALFURRIAS/BROOKS COUNTY AIRPORT,-98.12111,27.20667,34.0,America/Chicago,TX
BIF,Fort Bliss,-106.3800389,31.849525,1203.0,America/Denver,TX
GRK,FORT HOOD/GRAY AAF,-97.83,31.07,309.0,America/Chicago,TX
FST,FORT STOCKTON,-102.91667,30.91194,917.0,America/Chicago,TX
AFW,Fort Worth - Alliance,-97.31787784,32.9716046,204.81914,America/Chicago,TX
FTW,FORT WORTH/MEACHAM,-97.36244,32.81978,216.0,America/Chicago,TX
NFW,FORT WORTH NAS,-97.43648,32.78098,198.0,America/Chicago,TX
FWS,Fort Worth - Spinks,-97.3084394,32.5651336,209.0,America/Chicago,TX
T82,FREDERICKSBURG/GILLESPIE COUNTY,-98.90919,30.24325,517.0,America/Chicago,TX
HLR,FT HOOD AAF/KILLEEN,-97.7145,31.1387,283.0,America/Chicago,TX
GLE,GAINESVILLE,-97.19694,33.65139,256.0,America/Chicago,TX
GVW,Galveston 209B,-94.54656,29.13025,0.0,America/Chicago,TX
GVX,Galveston 424,-94.9767,28.5767,0.0,America/Chicago,TX
GLS,GALVESTON/SCHOLES,-94.86042,29.26533,16.0,America/Chicago,TX
GOP,GATESVILLE,-97.79697,31.42128,276.0,America/Chicago,TX
GTU,GEORGETOWN (AWOS),-97.67666,30.68083,240.0,America/Chicago,TX
8T6,George West / Live Oak,-98.1165,28.3628,37.0,America/Chicago,TX
GYB,GIDDINGS-LEE_CNTY_ARPT,-96.98,30.17,148.0,America/Chicago,TX
JXI,GILMER/FOX_STEPHENS_FIELD,-94.95,32.7,127.0,America/Chicago,TX
T20,Gonzales,-97.4614,29.528,108.13235,America/Chicago,TX
RPH,GRAHAM_MUNI_ARPT,-98.555,33.11,344.0,America/Chicago,TX
GDJ,GRANBURY,-97.81694,32.44442,237.0,America/Chicago,TX
GPM,GRAND_PRAIRIE,-97.04692,32.69878,180.0,America/Chicago,TX
GVT,GREENVILLE/MAJORS,-96.06533,33.06784,163.0,America/Chicago,TX
GDP,GUADALUPE PASS AMOS,-104.80978,31.83312,1662.0,America/Chicago,TX
GUL,Gunnison (GoM),-93.5383,27.3039,0.0,America/Chicago,TX
MNZ,Hamilton,-98.1486375,31.6659264,395.9,America/Chicago,TX
HRL,HARLINGEN INTL ARPT,-97.65439,26.2285,11.0,America/Chicago,TX
LHB,HEARNE,-96.62,30.87,87.0,America/Chicago,TX
HBV,HEBBRONVILLE,-98.73694,27.34956,202.0,America/Chicago,TX
RFI,Henderson,-94.8517222,32.1417222,134.7,America/Chicago,TX
F12,HENDERSON RUSK C,-94.85172,32.14172,135.0,America/Chicago,TX
HRX,Hereford,-102.326414,34.8577592,1153.0,America/Chicago,TX
HQI,High Island 376,-93.67083,27.962,0.0,America/Chicago,TX
INJ,HILLSBORO,-97.09722,32.08361,209.0,America/Chicago,TX
HDO,HONDO MUNICIPAL,-99.17417,29.35944,283.0,America/Chicago,TX
HHV,Hoover Diana,-94.6886,26.9392,0.0,America/Chicago,TX
DZB,Horseshoe,-98.3587569,30.5270514,333.0,America/Chicago,TX
MCJ,Houston Dunn,-95.395,29.714,22.525835,America/Chicago,TX
DWH,HOUSTON/D.W. HOOKS,-95.55624,30.06803,46.0,America/Chicago,TX
EFD,HOUSTON/ELLINGTON,-95.15875,29.60733,10.0,America/Chicago,TX
TME,Houston Exec,-95.8978889,29.8050278,50.6,America/Chicago,TX
SGR,HOUSTON/HULL FIELD,-95.65653,29.62225,2.0,America/Chicago,TX
IAH,Houston Intercontinental,-95.3607,29.9844,28.0,America/Chicago,TX
AXH,Houston SW,-95.4769167,29.5061389,20.7,America/Chicago,TX
HOU,HOUSTON/WILL HOBBY,-95.28245,29.63747,14.0,America/Chicago,TX
UTS,HUNTSVILLE MUNICIPAL AIRPORT,-95.58717,30.74689,112.0,America/Chicago,TX
TFP,Ingleside,-97.2115,27.9130278,5.0,America/Chicago,TX
JSO,JACKSONVILLE,-95.22,31.87,206.0,America/Chicago,TX
JAS,JASPER COUNTY-BELL FIELD AIRPORT,-94.03494,30.88569,65.0,America/Chicago,TX
JCT,Junction - Kimble County,-99.76639,30.51083,522.0,America/Chicago,TX
SKF,KELLY AFB,-98.58111,29.38423,210.0,America/Chicago,TX
2R9,Kenedy,-97.8655683,28.8249857,87.85377,America/Chicago,TX
ERV,KERRVILLE MUNICIPAL,-99.08547,29.97667,493.0,America/Chicago,TX
CWC,Kickapoo,-98.4903986,33.8578389,304.0,America/Chicago,TX
ILE,KILLEEN MUNI (AWOS),-97.6865,31.08583,258.0,America/Chicago,TX
IKG,Kingsville,-98.0309,27.5509,39.11497,America/Chicago,TX
NQI,KINGSVILLE NAS,-97.8097,27.5072,15.0,America/Chicago,TX
RYW,Lago Vista,-97.96589,30.4967,375.2,America/Chicago,TX
5R3,Lago Vista - Rusty Allen,-97.97,30.49859,373.0,America/Chicago,TX
3T5,LA GRANGE/FAYETTE REGIONAL,-96.95,29.91,99.0,America/Chicago,TX
2F5,Lamesa,-101.9018,32.7479,902.6335,America/Chicago,TX
LUV,Lamesa,-101.9202,32.7563,911.5796,America/Chicago,TX
LZZ,Lampasas,-98.1958931,31.1061939,370.3,America/Chicago,TX
LNC,LANCASTER,-96.71905,32.57919,153.0,America/Chicago,TX
T41,La Porte,-95.0641,29.6692,7.0,America/Chicago,TX
LRD,LAREDO INTL AIRPORT,-99.46153,27.5438,155.0,America/Chicago,TX
T70,Laughlin AFB,-100.481,29.126,297.54962,America/Chicago,TX
DLF,LAUGHLIN AFB,-100.77797,29.35949,330.0,America/Chicago,TX
LLN,Levelland,-102.3725,33.5525,1066.5017,America/Chicago,TX
T78,Liberty,-94.6986,30.0778,21.857124,America/Chicago,TX
AQO,LLANO_MUNI_ARPT,-98.66194,30.78361,336.0,America/Chicago,TX
GGG,LONGVIEW/GREGG CO.,-94.71149,32.38401,124.0,America/Chicago,TX
LBB,LUBBOCK INTL ARPT,-101.82278,33.66364,988.0,America/Chicago,TX
18H,Lucius,-92.0333,26.12833,30.0,America/Chicago,TX
LFK,LUFKIN/ANGELINA CO.,-94.75,31.23401,88.0,America/Chicago,TX
MRF,Marfa,-104.02,30.37,1481.0,America/Chicago,TX
ASL,Marshall,-94.3077778,32.5205,108.8,America/Chicago,TX
5T9,Maverick County,-100.5135,28.8571,267.38416,America/Chicago,TX
MFE,MCALLEN/MILLER INTL,-98.23861,26.17583,33.0,America/Chicago,TX
TKI,MC KINNEY,-96.59,33.18,179.0,America/Chicago,TX
NMT,McMullen,-98.7242,28.2361,89.30641,America/Chicago,TX
HQZ,MESQUITE,-96.53042,32.74696,136.0,America/Chicago,TX
LXY,Mexia Limestone,-96.5145,31.6412,166.28955,America/Chicago,TX
MDD,MIDLAND,-102.10103,32.03653,854.0,America/Chicago,TX
MAF,Midland Intl,-102.20745194,31.946615,868.9406,America/Chicago,TX
JWY,MIDLOTHIAN/WAXAC,-96.9125,32.45611,217.0,America/Chicago,TX
JDD,MINEOLA/QUITMAN,-95.49648,32.7422,132.0,America/Chicago,TX
MWL,MINERAL WELLS MUNI,-98.06018,32.78161,296.0,America/Chicago,TX
E01,Monahans,-102.9090278,31.5824722,794.0,America/Chicago,TX
OSA,MOUNT PLEASANT AIRPORT,-94.96139,33.09556,111.0,America/Chicago,TX
MIU,Mustang Island 31,-96.7367,27.2917,0.0,America/Chicago,TX
MZG,Mustang Island A85A,-96.1911,27.7269,0.0,America/Chicago,TX
OCH,NACOGDOCHES (AWOS),-94.70944,31.57778,108.0,America/Chicago,TX
60R,Navasota,-96.1133,30.3719,68.0,America/Chicago,TX
BAZ,NEW BRAUNFELS MUNI APT (WAS 3R5),-98.045,29.709,195.0,America/Chicago,TX
OPM,North Padre Island,-96.94,26.8328,3.0,America/Chicago,TX
ODO,ODESSA-SCHLEMEYER FLD (WAS E02),-102.38667,31.92056,915.0,America/Chicago,TX
ORG,Orange,-93.8036128,30.0691767,4.0,America/Chicago,TX
NOG,ORANGE GROVE,-98.05167,27.90113,78.0,America/Chicago,TX
OZA,Ozona,-101.2029719,30.7352803,725.7,America/Chicago,TX
PSX,PALACIOS MUNICIPAL,-96.25,28.73,5.0,America/Chicago,TX
PSN,PALESTINE,-95.70631,31.77969,129.0,America/Chicago,TX
BPC,Pampa,-101.0301389,35.8892778,845.0,America/Chicago,TX
PPA,PAMPA,-100.99625,35.613,1050.0,America/Chicago,TX
PRX,PARIS/COX FIELD,-95.45075,33.63661,167.0,America/Chicago,TX
LVJ,Pearland Regional,-95.2417,29.5189,13.164371,America/Chicago,TX
PEQ,PECOS,-103.51,31.38,796.0,America/Chicago,TX
PYX,PERRYTON/OCHILTREE COUNTY APT,-100.75,36.414,889.0,America/Chicago,TX
25T,PHI OIL PLAT,-94.68,26.93,10.0,America/Chicago,TX
PVW,PLAINVIEW,-101.71734,34.16815,1028.0,America/Chicago,TX
PEZ,Pleasanton,-98.5199847,28.9541894,131.1,America/Chicago,TX
RAS,PORT ARANSAS/MUSTANG BEACH ARPT,-97.09,27.81,2.0,America/Chicago,TX
PIL,PORT ISABEL-CAMERON COUNTY APT,-97.33781,26.1597,6.0,America/Chicago,TX
PKV,PORT_LAVACA,-96.681,28.654,9.0,America/Chicago,TX
T77,Presidio,-104.3616,29.6341,889.2204,America/Chicago,TX
PRS,Presidio Lely,-104.3615,29.6342,888.8645,America/Chicago,TX
RND,RANDOLPH AFB,-98.28,29.53,232.0,America/Chicago,TX
6P9,Ranger,-98.59475,32.4317222,455.30667,America/Chicago,TX
RBO,ROBSTOWN,-97.69052,27.77854,24.0,America/Chicago,TX
RKP,ROCKPORT/ARANSAS CO,-97.04639,28.08361,8.0,America/Chicago,TX
ECU,ROCKSPRINGS,-100.17385,29.94692,723.0,America/Chicago,TX
F46,Rockwall,-96.4354856,32.9305944,178.25653,America/Chicago,TX
RPE,SABINE PASS,-93.95,29.7,3.0,America/Chicago,TX
SJT,SAN ANGELO/MATHIS,-100.495,31.35167,582.0,America/Chicago,TX
5C1,San Antonio,-98.6946417,29.723929,422.1,America/Chicago,TX
SAT,SAN ANTONIO INTL,-98.46978,29.53369,242.0,America/Chicago,TX
SSF,SAN ANTONIO/STINSON,-98.47105,29.33698,176.0,America/Chicago,TX
HYI,SAN MARCOS (AWOS),-97.863,29.89275,182.0,America/Chicago,TX
81R,San Saba,-98.717,31.2352,378.99094,America/Chicago,TX
SEQ,Seguin Randolph AFB,-97.9083,29.5658,161.40836,America/Chicago,TX
GNC,Seminole,-102.6526667,32.6753333,1010.0,America/Chicago,TX
SHP,Sheppard AFB,-98.4833,33.9667,305.97263,America/Chicago,TX
GYI,SHERMAN/DENISON,-96.67367,33.71411,228.0,America/Chicago,TX
T69,Sinton,-97.5425,28.0386,17.970034,America/Chicago,TX
SNK,SNYDER,-100.95047,32.69339,741.0,America/Chicago,TX
SOA,SONORA MUNI,-100.64856,30.58569,652.0,America/Chicago,TX
SPL,South Padre Island,-97.1572,26.0706,3.0,America/Chicago,TX
E42,Spearman,-101.1945,36.221,945.8859,America/Chicago,TX
SEP,STEPHENVILLE/CLARK,-98.17767,32.21533,402.0,America/Chicago,TX
SLR,SULPHUR_SPRINGS,-95.62,33.16,149.0,America/Chicago,TX
SWW,SWEETWATER/AVENGER FIELD AIRPORT,-100.46656,32.46736,727.0,America/Chicago,TX
T74,Taylor,-97.4432,30.5726,174.38675,America/Chicago,TX
TPL,TEMPLE/MILLER(AWOS),-97.40778,31.1525,208.0,America/Chicago,TX
TRL,TERRELL,-96.27,32.71,145.0,America/Chicago,TX
TYR,TYLER/POUNDS FLD,-95.40239,32.35414,166.0,America/Chicago,TX
UVA,UVALDE/GARNER_FIELD_ARPT,-99.74358,29.21133,287.0,America/Chicago,TX
VHN,Van Horn,-104.7838,31.0578,1200.1992,America/Chicago,TX
F05,VERNON,-99.28375,34.22567,386.0,America/Chicago,TX
VCT,VICTORIA REGIONAL,-96.9303,28.8614,36.0,America/Chicago,TX
CNW,Waco,-97.0741389,31.6378056,143.0,America/Chicago,TX
ACT,Waco,-97.2283,31.61797,155.0,America/Chicago,TX
PWG,Waco - McGregor Exec,-97.31653,31.48492,180.0,America/Chicago,TX
TXW,Weslaco,-97.9731,26.1775,21.301573,America/Chicago,TX
T65,WESLACO/MID VALLEY AIRPORT,-97.97306,26.17764,21.0,America/Chicago,TX
CRH,West Cameron,-93.3016,28.9086,0.0,America/Chicago,TX
ARM,WHARTON REGIONAL ARPT,-96.15439,29.25428,30.0,America/Chicago,TX
SPS,WICHITA FALLS/SHEP,-98.4928,33.9786,314.0,America/Chicago,TX
INK,WINK/WINKLER CO.,-103.2,31.78,859.0,America/Chicago,TX
APY,Zapata,-99.2489083,26.9687861,128.6,America/Chicago,TX
U52,Beaver,-112.6753,38.2307,1779.804,America/Denver,UT
BDG,Blanding,-109.4831,37.5828,1774.1791,America/Denver,UT
4BL,BLANDING,-109.46667,37.61667,1840.0,America/Denver,UT
BMC,Brigham City,-112.0622,41.5524,1289.9435,America/Denver,UT
BCE,BRYCE CANYON,-112.14556,37.70639,2312.0,America/Denver,UT
CDC,CEDAR CITY MUNI,-113.1,37.7,1714.0,America/Denver,UT
DTA,Delta,-112.5077,39.3806,1448.5381,America/Denver,UT
U24,DELTA,-112.58606,39.33748,1414.0,America/Denver,UT
U69,Duchesne,-110.381,40.1919,1770.5417,America/Denver,UT
DPG,DUGWAY PRVG GROUND,-112.93505,40.19738,1326.0,America/Denver,UT
U16,Eagle View,-113.0667,41.05,1307.7489,America/Denver,UT
FOM,Fillmore,-112.363138,38.9581389,1509.0,America/Denver,UT
U19,Granite Peak,-113.35,40.167,1310.0,America/Denver,UT
QCA,Granite Peak,-113.34972,40.16639,1310.1194,America/Denver,UT
U28,GREEN RIVER RANGE,-110.16667,39.0,1241.0,America/Denver,UT
U96,Halls Crossing,-110.5642,37.435305,1334.0,America/Denver,UT
HVE,Hanksville,-110.704,38.418,1354.601,America/Denver,UT
4HV,HANKSVILLE,-110.715,38.371,1314.0,America/Denver,UT
36U,Heber,-111.4288056,40.4818056,1718.2,America/Denver,UT
HCR,Heber City,-111.43,40.47,1724.0114,America/Denver,UT
HIF,HILL AFB/OGDEN,-111.97304,41.12394,1459.0,America/Denver,UT
KNB,Kanab,-112.5312,37.0111,1475.7844,America/Denver,UT
LGU,LOGAN-CACHE AIRPORT,-111.85161,41.79128,1358.0,America/Denver,UT
40U,Manilla,-109.6785,40.9861,1873.0,America/Denver,UT
41U,Manti,-111.6126111,39.3314167,1679.1724,America/Denver,UT
MLF,MILFORD MUNICIPAL,-113.01246,38.42663,1536.0,America/Denver,UT
CNY,MOAB/CANYONLANDS,-109.75484,38.75496,1388.0,America/Denver,UT
U64,Monticello,-109.3412,37.9324,2119.0,America/Denver,UT
U14,Nephi,-111.87,39.7365833,1526.0,America/Denver,UT
OGD,OGDEN-HINCKLEY MUNI,-112.01294,41.19567,1362.0,America/Denver,UT
U55,Panguitch,-112.3911,37.8511,2060.384,America/Denver,UT
PUC,PRICE/CARBON(RAMOS),-110.75472,39.60917,1799.0,America/Denver,UT
PVU,PROVO MUNI (AWOS),-111.72336,40.21919,1369.0,America/Denver,UT
74V,Roosevelt,-110.0513,40.2783,1568.6509,America/Denver,UT
SLC,SALT LAKE CITY INTL,-111.97,40.78,1288.0,America/Denver,UT
SVR,Salt Lake City Muni No2,-111.9902,40.6196,1402.7367,America/Denver,UT
SPK,Spanish Fork,-111.6677,40.145,1380.7367,America/Denver,UT
SGU,St George,-113.5103056,37.0363889,874.7322,America/Denver,UT
DXZ,St George,-113.5103,37.0364,875.0,America/Denver,UT
TVY,Tooele,-112.3508,40.6126,1310.5901,America/Denver,UT
T62,TOOELE,-112.3,40.31667,1628.0,America/Denver,UT
VEL,VERNAL,-109.50992,40.44092,1608.0,America/Denver,UT
ENV,WENDOVER (AUT),-114.03089,40.71869,1292.0,America/Denver,UT
VJI,Abingdon,-82.03333,36.6871,631.0,America/New_York,VA
BKT,Blackstone,-77.9575,37.0742,125.72337,America/New_York,VA
VBW,Bridgewater,-78.9603,38.3667,349.1529,America/New_York,VA
0V4,Brookneal,-79.0164,37.1417,178.73071,America/New_York,VA
7W4,Bumpass,-77.7459,37.9658,104.0524,America/New_York,VA
CHO,CHARLOTTESVILLE,-78.45286,38.13864,195.0,America/New_York,VA
CXE,Chase City,-78.5016,36.7883,148.68195,America/New_York,VA
CPK,CHESAPEAKE,-76.32067,36.66561,6.0,America/New_York,VA
FCI,Chesterfield,-77.5248,37.4064,72.0,America/New_York,VA
W63,Clarksville / Marks,-78.5601,36.5958,115.03276,America/New_York,VA
W81,Crewe,-78.0983,37.181,119.94983,America/New_York,VA
CJR,CULPEPER,-77.85886,38.52671,95.0,America/New_York,VA
DAN,DANVILLE REGIONAL,-79.33611,36.57286,174.0,America/New_York,VA
PSK,DUBLIN/NEW RIV VLLY,-80.67848,37.13735,642.0,America/New_York,VA
EMV,EMPORIA-GREENSVILLE RGL AIRPORT,-77.48275,36.68686,39.0,America/New_York,VA
FVX,FARMVILLE,-78.43781,37.35753,125.0,America/New_York,VA
NFE,Fentress,-76.13556,36.695,5.0,America/New_York,VA
DAA,FORT BELVOIR/DAVISO,-77.181,38.715,21.0,America/New_York,VA
FAF,FORT EUSTIS/FELKER,-76.60883,37.1325,4.0,America/New_York,VA
FKN,FRANKLIN/J B ROSE,-76.9038,36.69809,12.0,America/New_York,VA
FRR,Front Royal,-78.2535,38.9175,212.93236,America/New_York,VA
GVE,Gordonsville,-78.1658,38.156,133.06262,America/New_York,VA
HLX,HILLSVILLE,-80.82357,36.76611,834.0,America/New_York,VA
HSP,HOT SPRINGS/INGALLS,-79.83389,37.95144,1156.0,America/New_York,VA
0VG,Jonesville,-83.2178,36.6541,416.0,America/New_York,VA
W31,Kenbridge,-78.185,36.9601,156.77553,America/New_York,VA
LFI,LANGLEY AFB/HAMPTON,-76.3605,37.08283,3.0,America/New_York,VA
LVL,Lawrenceville,-77.7943,36.7728,99.50898,America/New_York,VA
JYO,LEESBURG/GODFREY,-77.5575,39.07797,119.0,America/New_York,VA
LKU,LOUISA COUNTY/FREEMAN FIELD,-77.97,38.01,150.0,America/New_York,VA
W45,Luray,-78.5005833,38.6670556,274.9,America/New_York,VA
LUA,Luray,-78.5006,38.6671,275.0,America/New_York,VA
LYH,LYNCHBURG/P. GLENN,-79.2067,37.3208,286.0,America/New_York,VA
HEF,MANASSAS MUNI(AWOS),-77.51544,38.72142,59.0,America/New_York,VA
MKJ,MARION / WYTHEVILLE,-81.34994,36.89486,780.0,America/New_York,VA
MTV,MARTINSVILLE,-80.01332,36.62717,287.0,America/New_York,VA
MFV,MELFA/ACCOMACK ARPT,-75.76106,37.64689,15.0,America/New_York,VA
8W2,New Market,-78.7081,38.6557,289.73508,America/New_York,VA
PHF,NEWPORT NEWS,-76.49297,37.13189,13.0,America/New_York,VA
PVG,Norfolk/Hampton Roads,-76.4488333,36.7801389,7.0,America/New_York,VA
ORF,NORFOLK INTL ARPT,-76.19222,36.90333,9.0,America/New_York,VA
NGU,NORFOLK NAS/CHAMBER,-76.28926,36.93746,5.0,America/New_York,VA
NTU,OCEANA NAS/SOUCEK,-76.03354,36.8207,7.0,America/New_York,VA
OMH,ORANGE/ORANGE CO,-78.04561,38.24719,142.0,America/New_York,VA
PTB,PETERSBURG (AWOS),-77.50739,37.18375,59.0,America/New_York,VA
NYG,QUANTICO MCAF,-77.30533,38.50168,4.0,America/New_York,VA
W96,Quinton,-77.1255,37.5032,34.549,America/New_York,VA
JFZ,Richlands,-81.7982778,37.06375,808.6,America/New_York,VA
OFP,RICHMOND (ASOS),-77.43664,37.70894,63.0,America/New_York,VA
RIC,RICHMOND/BYRD FIELD,-77.32336,37.5115,54.0,America/New_York,VA
ROA,Roanoke Muni,-79.97367916,37.31724016,344.71243,America/New_York,VA
W75,Saluda Hummel Field,-76.4467,37.6024,10.814652,America/New_York,VA
EZF,SHANNON ARPT,-77.44939,38.26622,26.0,America/New_York,VA
W78,South Boston,-78.848,36.71,115.141014,America/New_York,VA
AVC,SOUTH HILL/MECKLENBURG-BRUNSWICK,-78.05447,36.68828,135.0,America/New_York,VA
RMN,STAFFORD,-77.45547,38.39811,65.0,America/New_York,VA
SHD,STAUNTON/SHENANDOAH,-78.89644,38.26383,366.0,America/New_York,VA
SFQ,SUFFOLK,-76.60187,36.68235,22.0,America/New_York,VA
TGI,Tangier Island,-75.9978,37.8251,1.7263619,America/New_York,VA
XSA,Tappahannock,-76.8941111,37.8596111,41.1,America/New_York,VA
BCB,VIRGINIA TECH ARPT,-80.40783,37.20764,650.0,America/New_York,VA
AKQ,WAKEFIELD (NEXRAD),-77.00722,36.98389,64.0,America/New_York,VA
WAL,WALLOPS ISLAND STN,-75.46306,37.94056,41.0,America/New_York,VA
HWY,Warrenton,-77.7106389,38.5862778,102.0,America/New_York,VA
IAD,WASHINGTON/DULLES,-77.44728,38.93484,98.0,America/New_York,VA
DCA,WASHINGTON/NATIONAL,-77.03455,38.8472,20.0,America/New_York,VA
W13,Waynesboro,-78.9444,38.0769,430.88046,America/New_York,VA
FYJ,WEST_POINT,-76.76472,37.52111,7.0,America/New_York,VA
JGG,WILLIAMSBURG,-76.7161,37.23917,15.0,America/New_York,VA
OKV,WINCHESTER RGNL,-78.14444,39.14353,222.0,America/New_York,VA
LNP,WISE/LONESOME PINE,-82.53,36.98753,817.0,America/New_York,VA
MPV,BARRE-MONTPELIER,-72.56233,44.2035,355.0,America/New_York,VT
DDH,Bennington More State,-73.2486,42.8935,239.54857,America/New_York,VT
BTV,BURLINGTON INTL,-73.15,44.47,104.0,America/New_York,VT
FSO,Highgate,-73.09746,44.9402808,69.5,America/New_York,VT
CDA,Lyndonville,-72.0179789,44.5691142,362.1,America/New_York,VT
6B0,Middlebury,-73.0954722,43.9854722,148.70598,America/New_York,VT
MVL,MORRISVILLE,-72.614,44.53461,234.0,America/New_York,VT
EFK,Newport,-72.2291583,44.8887972,283.5,America/New_York,VT
RUT,RUTLAND STATE(AWOS),-72.95,43.53,240.0,America/New_York,VT
VSF,SPRINGFIELD/HARTNES,-72.51731,43.34363,176.0,America/New_York,VT
1V4,St Johnsbury,-72.02,44.42,217.0,America/New_York,VT
AWO,ARLINGTON MUNI,-122.15903,48.16075,42.0,America/Los_Angeles,WA
BLI,BELLINGHAM INTL,-122.53753,48.79269,48.0,America/Los_Angeles,WA
PWT,BREMERTON NTNL AWOS,-122.76481,47.49025,147.0,America/Los_Angeles,WA
BVS,BURLINGTON/MT_VE,-122.42,48.47,44.0,America/Los_Angeles,WA
CLS,Chehalis,-122.9827472,46.6770292,54.0,America/Los_Angeles,WA
63S,Colville,-117.88352,48.544169,568.6405,America/Los_Angeles,WA
CQV,COLVILLE MUNICIPAL,-117.88333,48.55,572.0,America/Los_Angeles,WA
NRA,Coupeville Naval,-122.6333,48.1833333,58.0,America/Los_Angeles,WA
DEW,DEER PARK,-117.42111,47.96889,672.0,America/Los_Angeles,WA
ORS,EASTSOUND/ORCAS ISLAND AIRPORT,-122.91,48.71,8.0,America/Los_Angeles,WA
3W7,Electric City,-119.083,47.92205,490.0,America/Los_Angeles,WA
ELN,ELLENSBURG/BOWERS,-120.53069,47.03303,538.0,America/Los_Angeles,WA
EPH,EPHRATA MUNICIPAL,-119.51472,47.30806,388.0,America/Los_Angeles,WA
PAE,Everett - Paine Field,-122.28157,47.90699,185.0,America/Los_Angeles,WA
SKA,FAIRCHILD AFB,-117.6558,47.61506,750.0,America/Los_Angeles,WA
GRF,FORT LEWIS/GRAY AAF,-122.58,47.08,92.0,America/Los_Angeles,WA
FHR,FRIDAY HARBOR,-123.02436,48.52197,33.0,America/Los_Angeles,WA
HMS,HANFORD,-119.6,46.56667,223.0,America/Los_Angeles,WA
HQM,HOQUIAM/BOWERMAN,-123.93656,46.97119,4.0,America/Los_Angeles,WA
KLS,KELSO-LONGVEIW AWOS,-122.9,46.12,5.0,America/Los_Angeles,WA
S31,Lopez,-122.93766,48.4839167,58.0,America/Los_Angeles,WA
TCM,MC CHORD AFB/TACOMA,-122.47647,47.13768,98.0,America/Los_Angeles,WA
MWH,MOSES LAKE/GRANT CO,-119.31914,47.20858,361.0,America/Los_Angeles,WA
OKH,Oak Harbor,-122.6736667,48.2515278,58.8,America/Los_Angeles,WA
OLM,OLYMPIA,-122.9033,46.9733,61.0,America/Los_Angeles,WA
OMK,OMAK AIRPORT,-119.51806,48.46442,396.0,America/Los_Angeles,WA
PSC,PASCO/TRI-CITIES,-119.11903,46.26469,124.0,America/Los_Angeles,WA
VUO,PEARSON AIRPARK  VANCOUVER,-122.65649,45.62045,8.0,America/Los_Angeles,WA
NOW,Port Angeles,-123.413954,48.1412926,-75.0,America/Los_Angeles,WA
CLM,Port Angeles,-123.50659958,48.12197138,80.0,America/Los_Angeles,WA
0S9,Port Townsend,-122.8106,48.0538,34.0181,America/Los_Angeles,WA
PUW,PULLMAN/MOSCOW RGNL,-117.10958,46.74386,778.0,America/Los_Angeles,WA
PLU,Puyallup,-122.2871944,47.1039167,164.0,America/Los_Angeles,WA
UIL,QUILLAYUTE STATE,-124.56263,47.93658,62.0,America/Los_Angeles,WA
RNT,RENTON MUNICIPAL,-122.21575,47.49314,9.0,America/Los_Angeles,WA
RLD,Richland,-119.3012,46.3015,115.79044,America/Los_Angeles,WA
BFI,SEATTLE/BOEING FLD,-122.3,47.53,5.0,America/Los_Angeles,WA
SEA,SEATTLE-TACOMA INTL,-122.31437,47.44469,137.0,America/Los_Angeles,WA
SHN,SHELTON/SANDERSON,-123.14756,47.23356,85.0,America/Los_Angeles,WA
SFF,SPOKANE/FELTS FIELD,-117.32256,47.68282,595.0,America/Los_Angeles,WA
GEG,SPOKANE INTL ARPT,-117.528,47.6216,721.0,America/Los_Angeles,WA
SMP,Stampede Pass,-121.3372,47.2767,1209.0,America/Los_Angeles,WA
1S5,Sunnyside,-119.9704,46.3271,229.91428,America/Los_Angeles,WA
TIW,TACOMA NARROWS,-122.57611,47.2675,89.0,America/Los_Angeles,WA
DLS,The Dalles Muni,-121.16733,45.61856,74.0,America/Los_Angeles,WA
TDO,TOLEDO-WINLOCK MEM,-122.80648,46.47717,113.0,America/Los_Angeles,WA
1YT,Vagabond,-120.45,46.66,475.51508,America/Los_Angeles,WA
ALW,WALLA WALLA RGN,-118.289,46.09478,367.0,America/Los_Angeles,WA
EAT,WENATCHEE/PANGBORN,-120.207,47.399,379.0,America/Los_Angeles,WA
NUW,WHIDBEY ISLAND NAS,-122.65596,48.35184,14.0,America/Los_Angeles,WA
S52,Winthrop,-120.1459,48.4249,514.62756,America/Los_Angeles,WA
YKM,YAKIMA AIR TERMINAL,-120.54406,46.56817,325.0,America/Los_Angeles,WA
1QW,Yakima Training,-120.1667,46.8,903.83997,America/Los_Angeles,WA
AIG,ANTIGO,-89.11072,45.1542,463.0,America/Chicago,WI
ATW,APPLETON/OUTAGAM,-88.51908,44.25808,268.0,America/Chicago,WI
ASX,Ashland,-90.91892712,46.54867186,249.22482,America/Chicago,WI
GRB,Ashwaubenon,-88.1367,44.4794,208.0,America/Chicago,WI
BCK,Black River Falls,-90.8553,44.2507,253.0,America/Chicago,WI
OVS,BOSCOBEL,-90.6775,43.15611,202.0,America/Chicago,WI
BUU,BURLINGTON,-88.30464,42.69072,237.0,America/Chicago,WI
Y23,Chetek,-91.6381,45.3106,316.78214,America/Chicago,WI
CLI,CLINTONVILLE,-88.73139,44.61389,250.0,America/Chicago,WI
UBE,Cumberland,-91.9811,45.506,378.0,America/Chicago,WI
DLL,DELLS/BARABOO,-89.771,43.522,298.0,America/Chicago,WI
EGV,EAGLE RIVER,-89.26828,45.93233,500.0,America/Chicago,WI
57C,East Troy,-88.3726,42.7972,254.34013,America/Chicago,WI
EAU,EAU CLAIRE,-91.48426,44.8658,270.0,America/Chicago,WI
3D2,Ephraim,-87.1881,45.1357,229.91167,America/Chicago,WI
FLD,FOND DU LAC,-88.48842,43.77117,240.0,America/Chicago,WI
HYR,HAYWARD,-91.44425,46.02528,370.0,America/Chicago,WI
JVL,JANESVILLE/ROCK,-89.04156,42.62025,246.0,America/Chicago,WI
UNU,JUNEAU,-88.70383,43.4265,285.0,America/Chicago,WI
ENW,KENOSHA,-87.93806,42.595,219.0,America/Chicago,WI
LSE,La Crosse,-91.25300748,43.87921644,198.0,America/Chicago,WI
RCX,Ladysmith,-91.0004547,45.4968361,377.3,America/Chicago,WI
LNL,Land O Lakes,-89.2120794,46.1540116,519.0,America/Chicago,WI
4R5,La Pointe,-90.7587,46.7887,190.06784,America/Chicago,WI
82C,Lisbon Union,-90.1377,43.8387,271.1702,America/Chicago,WI
LNR,LONE ROCK,-90.17983,43.21186,217.0,America/Chicago,WI
MSN,MADISON,-89.34528,43.14056,261.0,America/Chicago,WI
MTW,MANITOWAC MUNI,-87.68058,44.12878,198.0,America/Chicago,WI
D25,Manitowish Waters,-89.8822,46.1202271,488.60013,America/Chicago,WI
MFI,MARSHFIELD,-90.18933,44.63688,382.0,America/Chicago,WI
MDZ,MEDFORD,-90.30333,45.10083,448.0,America/Chicago,WI
LUM,Menomonie  WI,-91.8677794,44.8923464,273.0,America/Chicago,WI
RRL,MERRILL,-89.71286,45.19892,401.0,America/Chicago,WI
C29,Middleton,-89.5315336,43.1142699,282.0,America/Chicago,WI
MKE,MILWAUKEE,-87.89673,42.94721,204.0,America/Chicago,WI
MWC,MILWAUKEE/LAWREN,-88.03442,43.11039,224.0,America/Chicago,WI
MRJ,MINERAL POINT,-90.23624,42.88684,359.0,America/Chicago,WI
ARV,MINOCQUA/WOODRUF,-89.73094,45.92792,495.0,America/Chicago,WI
EFT,MONROE,-89.5904,42.6149,331.0,America/Chicago,WI
CWA,MOSINEE/CENTRAL,-89.66678,44.77762,389.0,America/Chicago,WI
RNH,NEW RICHMOND MUN,-92.53806,45.14831,304.0,America/Chicago,WI
OCQ,Oconto,-87.9096,44.8742,179.8522,America/Chicago,WI
OEO,OSCEOLA,-92.69,45.3086,275.0,America/Chicago,WI
OSH,OSHKOSH,-88.55704,43.98435,248.0,America/Chicago,WI
PBH,PHILLIPS/PRICE,-90.4025,45.70894,451.0,America/Chicago,WI
PVB,Platteville,-90.4443889,42.6893611,312.0,America/Chicago,WI
PDC,PRAIRIE DU CHIEN,-91.12373,43.01929,201.0,America/Chicago,WI
RAC,RACINE,-87.81361,42.76111,203.0,America/Chicago,WI
C35,Reedsburg,-89.9832,43.5259,272.42603,America/Chicago,WI
RHI,RHINELANDER,-89.46747,45.63119,485.0,America/Chicago,WI
RPD,RICE LAKE,-91.77332,45.4201,336.0,America/Chicago,WI
EZS,Shawano,-88.5654502,44.7853811,248.0,America/Chicago,WI
SBM,SHEBOYGAN,-87.85172,43.76977,232.0,America/Chicago,WI
RZN,SIREN,-92.3725,45.82273,301.0,America/Chicago,WI
OLG,Solon Springs,-91.81593394,46.31741416,335.0,America/Chicago,WI
CMY,SPARTA/MCCOY AAF,-90.7379,43.95835,254.0,America/Chicago,WI
STE,STEVENS POINT,-89.53028,44.54514,338.0,America/Chicago,WI
SUE,STURGEON BAY,-87.42156,44.84367,221.0,America/Chicago,WI
SUW,SUPERIOR,-92.09466,46.68972,206.0,America/Chicago,WI
TKV,Tomahawk,-89.8057,45.469,453.0,America/Chicago,WI
Y51,Viroqua,-90.8964742,43.5793603,391.0,America/Chicago,WI
VOK,VOLK/CAMP DOUGLA,-90.25316,43.93924,279.0,America/Chicago,WI
2P2,Washington Island,-86.924,45.3883,190.16022,America/Chicago,WI
RYV,WATERTOWN,-88.72322,43.16964,248.0,America/Chicago,WI
UES,WAUKESHA CNTY,-88.23706,43.04103,275.0,America/Chicago,WI
PCZ,Waupaca,-89.0198,44.3333,251.8,America/Chicago,WI
AUW,WAUSAU,-89.62664,44.92616,365.0,America/Chicago,WI
Y50,Wautoma,-89.3044869,44.0416256,261.8,America/Chicago,WI
ETB,WEST BEND,-88.12792,43.42217,270.0,America/Chicago,WI
ISW,WISCONSIN RAPIDS,-89.83694,44.35917,307.0,America/Chicago,WI
BKW,BECKLEY MEMORIAL,-81.12416,37.78733,766.0,America/New_York,WV
BLF,BLUEFIELD/MERCER CO,-81.2077,37.2958,871.0,America/New_York,WV
W22,BUCKHANNON,-80.27373,39.00046,498.0,America/New_York,WV
CRW,CHARLESTON/KANAWHA,-81.59,38.3794,299.0,America/New_York,WV
CKB,CLARKSBURG/BENEDUM,-80.22808,39.29664,367.0,America/New_York,WV
EKN,ELKINS/RANDOLPH FLD,-79.85278,38.88528,609.0,America/New_York,WV
W99,GRANT_COUNTY_AIRPORT,-79.14586,38.99494,293.0,America/New_York,WV
HTS,HUNTINGTON/TRI STAT,-82.555,38.365,255.0,America/New_York,WV
LWB,LEWISBURG/GREENBRIE,-80.39947,37.85831,702.0,America/New_York,WV
6L4,Logan,-81.9159,37.8557,502.91086,America/New_York,WV
MRB,MARTINSBURG RGNL,-77.98467,39.4019,170.0,America/New_York,WV
MGW,MORGANTOWN/HART FLD,-79.91631,39.64291,380.0,America/New_York,WV
PKB,Parkersburg,-81.44378792,39.33948267,245.0,America/New_York,WV
I16,PINEVILLE,-81.56,37.6,544.0,America/New_York,WV
3I2,Point Pleasant,-82.0985833,38.9146389,196.0,America/New_York,WV
48I,Sutton,-80.6517608,38.6870444,387.0,America/New_York,WV
HLG,WHEELING/OHIO CO.,-80.64628,40.175,365.0,America/New_York,WV
TMH,20 MILE HILL,-106.33333,43.11667,1743.0,America/Denver,WY
AFO,Afton,-110.9422,42.7112,1882.1039,America/Denver,WY
46U,Alpine,-111.0424,43.1846,1713.6123,America/Denver,WY
ARL,Arlington,-106.21,41.71,2194.0,America/Denver,WY
BVR,BEAVER RIM,-108.28333,42.58333,2072.0,America/Denver,WY
BFU,BELLE FOURCHE,-105.45,43.93333,1422.0,America/Denver,WY
BPI,Big Piney - Marbleton,-110.11115,42.58507,2124.0,America/Denver,WY
BIT,BITTERCREEK,-108.58333,41.65,2160.0,America/Denver,WY
BRX,BORDEAUX,-104.95,41.93333,1524.0,America/Denver,WY
TBX,Boysen Peak,-108.23844,43.46465,2224.0,America/Denver,WY
BYG,BUFFALO/JOHNSON COUNTY,-106.72,44.38,1514.0,America/Denver,WY
CPR,CASPER/NATRONA INTL,-106.46442,42.908,1612.0,America/Denver,WY
CMS,CEMETERY SEPARA,-109.46667,41.53333,1949.0,America/Denver,WY
FEW,Cheyenne FEW,-104.8671917,41.133315,1878.0,America/Denver,WY
CYS,CHEYENNE/WARREN AFB,-104.81047,41.15564,1871.0,America/Denver,WY
CHJ,CHIEF JOSEPH,-109.37,44.75,2512.0,America/Denver,WY
COD,CODY MUNI (AWOS),-109.02381,44.52019,1553.0,America/Denver,WY
CTD,CONTINENTAL DIV,-107.78333,41.71667,2146.0,America/Denver,WY
U68,Cowley,-108.4455,44.9117,1243.0966,America/Denver,WY
DHS,DEAD HORSE,-106.1,44.21667,1241.0,America/Denver,WY
DRC,DEER CREEK,-105.86667,42.83333,1543.0,America/Denver,WY
DWX,DIxon,-107.4925278,41.0374444,1983.8618,America/Denver,WY
DGW,DOUGLAS/CONVERSE COUNTY AIRPORT,-105.38583,42.79719,1502.0,America/Denver,WY
DUB,Dubois,-109.6903,43.5484,2210.3616,America/Denver,WY
EHY,Elk Mountain,-106.4594,41.7253,2225.0,America/Denver,WY
EVW,EVANSTON/BURNS FLD,-111.03056,41.27306,2183.0,America/Denver,WY
FIR,FIRST DIVIDE,-110.76667,41.3,2294.0,America/Denver,WY
FBR,Fort Bridger,-110.4059,41.3941,2140.5823,America/Denver,WY
GCC,Gillette,-105.53936,44.34892,1230.0,America/Denver,WY
GEY,GREYBULL/SOUTH BIG HORN CNTY APT,-108.08282,44.51682,1201.0,America/Denver,WY
GUR,Guernsey,-104.7283,42.2597,1330.2438,America/Denver,WY
GUN,GUNBARREL,-104.34,41.43,1695.0,America/Denver,WY
HLD,HILAND,-107.31667,43.1,1846.0,America/Denver,WY
W43,Hulett,-104.5678,44.6629,1280.641,America/Denver,WY
IDV,I-25 DIVIDE,-106.65,43.93333,1531.0,America/Denver,WY
IKA,INYAN KARA,-104.63333,44.3,1319.0,America/Denver,WY
JAC,JACKSON HOLE (AWOS),-110.73699,43.61281,1964.0,America/Denver,WY
EMM,Kemmerer,-110.557,41.8241,2217.5945,America/Denver,WY
LND,LANDER/HUNT FIELD,-108.72984,42.81524,1694.0,America/Denver,WY
LAR,LARAMIE/GEN. BREES,-105.675,41.31206,2218.0,America/Denver,WY
AJL,Lava Mountain,-110.031,43.674,3155.8079,America/Denver,WY
LSK,Lusk,-104.4045556,42.7538056,1509.0966,America/Denver,WY
ECS,Newcastle,-104.3179178,43.8854,1272.0,America/Denver,WY
PAT,PATHFINDER HILL,-106.85,42.56667,1912.0,America/Denver,WY
82V,Pine Bluffs,-104.1302,41.1533,1563.2053,America/Denver,WY
PNA,PINEDALE/RALPH WENZ FIELD,-109.80708,42.79547,2160.0,America/Denver,WY
PIN,PINEY CREEK,-106.81667,44.56667,1392.0,America/Denver,WY
POY,Powell,-108.7934,44.8672,1538.4971,America/Denver,WY
PUM,PUMPKIN VINE,-105.46667,41.05,2420.0,America/Denver,WY
RWL,RAWLINS MUNICIPAL,-107.19994,41.8056,2077.0,America/Denver,WY
RIM,RIM / PINEDALE,-110.32,43.1,2294.0,America/Denver,WY
RIW,RIVERTON,-108.45984,43.06423,1688.0,America/Denver,WY
RKS,ROCK SPRINGS,-109.06519,41.59422,2060.0,America/Denver,WY
SGE,SAGE / JUNCTION,-110.5,41.79,2354.0,America/Denver,WY
SAA,Saratoga,-106.8275,41.4435,2114.2974,America/Denver,WY
SHR,SHERIDAN CO. ARPT,-106.97,44.77,1209.0,America/Denver,WY
SHC,SHUTE CREEK,-109.96,41.93,2043.0,America/Denver,WY
SIB,SIBLEY PEAK,-105.03333,42.45,1500.0,America/Denver,WY
SKL,SKYLINE,-106.56,41.13,2451.0,America/Denver,WY
FWZ,South Pass,-108.777222222,42.513388888,2585.0173,America/Denver,WY
JPD,Ten Sleep,-107.17,44.15,2741.0,America/Denver,WY
HSG,Thermopolis,-108.3897,43.7136,1485.3828,America/Denver,WY
TOR,TORRINGTON MUNICIPAL AIRPORT,-104.15278,42.06472,1282.0,America/Denver,WY
VDW,Vedauwoo,-105.4,41.15,2543.0,America/Denver,WY
EAN,Wheatland,-104.9286,42.0555,1453.1039,America/Denver,WY
WTR,WHITAKER,-104.87,41.41,1882.0,America/Denver,WY
WRL,WORLAND MUNICIPAL,-107.95083,43.96571,1294.0,America/Denver,WY
P60,YELLOWSTONE (RAMOS),-110.42111,44.54444,2368.0,America/Denver,WY
